num;rfid;time;antenna;
null;0800EEEE;13:57:24.333;2
null;0800EEEE;13:57:36.543;2
null;0800EEEE;13:58:07.533;1
null;0800EEEE;13:58:13.133;1
null;0800EEEE;13:58:18.863;1
null;0800EEEE;13:58:24.413;1
null;0800EEEE;13:58:29.928;1
null;0800EEEE;13:58:35.668;1
null;0800EEEE;13:58:41.178;1
null;0800EEEE;13:58:46.698;1
null;0800EEEE;13:58:52.553;3
null;0800EEEE;13:58:58.123;1
null;0800EEEE;13:59:03.783;1
null;0800EEEE;13:59:09.373;1
null;0800EEEE;13:59:14.868;1
null;0800EEEE;13:59:20.383;1
null;0800EEEE;13:59:25.898;1
null;0800EEEE;13:59:31.408;1
null;0800EEEE;13:59:37.143;1
null;0800EEEE;13:59:42.743;1
null;0800EEEE;13:59:48.253;1
null;0800EEEE;13:59:53.748;1
null;0800EEEE;13:59:59.263;1
null;0800EEEE;14:00:04.923;1
null;0800EEEE;14:00:10.598;1
null;0800EEEE;14:00:16.343;1
null;0800EEEE;14:00:21.863;1
null;0800EEEE;14:00:27.608;1
null;0800EEEE;14:00:33.133;1
null;0800EEEE;14:00:38.663;1
null;0800EEEE;14:00:44.383;1
null;0800EEEE;14:00:50.078;1
null;0800EEEE;14:00:55.808;1
null;0800EEEE;14:01:01.548;1
null;0800EEEE;14:01:07.158;1
null;0800EEEE;14:01:12.843;1
null;0800EEEE;14:01:18.568;1
null;0800EEEE;14:01:24.233;1
null;0800EEEE;14:01:29.823;1
null;0800EEEE;14:01:35.338;1
null;0800EEEE;14:01:41.008;1
null;0800EEEE;14:01:46.643;1
null;0800EEEE;14:01:52.223;1
null;0800EEEE;14:01:57.968;1
null;0800EEEE;14:02:03.658;1
null;0800EEEE;14:02:09.328;1
null;0800EEEE;14:02:14.838;1
null;0800EEEE;14:02:20.438;1
null;0800EEEE;14:02:26.183;1
null;0800EEEE;14:02:31.693;1
null;0800EEEE;14:02:37.278;1
null;0800EEEE;14:02:42.783;1
null;0800EEEE;14:02:48.518;1
null;0800EEEE;14:02:54.173;1
null;0800EEEE;14:02:59.913;1
null;0800EEEE;14:03:05.508;3
null;0800EEEE;14:03:11.158;1
421;2000FA4727F26900034A;14:03:13.308;1
366;2000FA4727F2690002DB;14:03:13.333;2
366;2000FA4727F2690002DC;14:03:13.608;2
43;2000FA4727F269000055;14:03:13.643;3
378;2000FA4727F2690002F4;14:03:13.973;1
87;2000FA4727F2690000AD;14:03:14.003;3
268;2000FA4727F269000218;14:03:14.368;3
183;2000FA4727F26900016D;14:03:14.613;1
183;2000FA4727F26900016E;14:03:14.623;3
52;2000FA4727F269000067;14:03:14.818;2
222;2000FA4727F2690001BC;14:03:15.148;2
16;2000FA4727F269000020;14:03:15.448;1
32;2000FA4727F269000040;14:03:15.548;2
349;2000FA4727F2690002BA;14:03:15.953;1
144;2000FA4727F269000120;14:03:16.303;3
null;0800EEEE;14:03:16.708;2
368;2000FA4727F2690002E0;14:03:17.263;1
66;2000FA4727F269000083;14:03:17.508;1
55;2000FA4727F26900006E;14:03:18.313;3
55;2000FA4727F26900006D;14:03:18.328;3
429;2000FA4727F269000359;14:03:18.403;3
428;2000FA4727F269000357;14:03:18.653;2
428;2000FA4727F269000358;14:03:18.673;2
137;2000FA4727F269000111;14:03:18.743;2
363;2000FA4727F2690002D5;14:03:18.813;1
1;2000FA4727F269000001;14:03:18.928;2
1;2000FA4727F269000002;14:03:19.008;2
386;2000FA4727F269000303;14:03:19.173;2
386;2000FA4727F269000304;14:03:19.318;1
59;2000FA4727F269000075;14:03:19.343;1
59;2000FA4727F269000076;14:03:19.583;1
420;2000FA4727F269000347;14:03:21.353;1
null;0800EEEE;14:03:22.503;1
null;0800EEEE;14:03:28.393;1
null;0800EEEE;14:03:34.063;1
null;0800EEEE;14:03:39.788;1
null;0800EEEE;14:03:45.478;1
null;0800EEEE;14:03:51.053;1
null;0800EEEE;14:03:56.653;1
null;0800EEEE;14:04:02.313;1
null;0800EEEE;14:04:07.823;1
null;0800EEEE;14:04:13.563;1
null;0800EEEE;14:04:19.248;1
null;0800EEEE;14:04:24.833;1
null;0800EEEE;14:04:30.398;1
null;0800EEEE;14:04:35.988;1
null;0800EEEE;14:04:41.578;1
null;0800EEEE;14:04:47.323;1
null;0800EEEE;14:04:52.833;1
null;0800EEEE;14:04:58.413;1
null;0800EEEE;14:05:03.913;1
null;0800EEEE;14:05:09.433;1
null;0800EEEE;14:05:15.103;1
null;0800EEEE;14:05:20.843;1
null;0800EEEE;14:05:26.513;1
null;0800EEEE;14:05:32.938;1
null;0800EEEE;14:05:38.533;1
null;0800EEEE;14:05:44.228;1
null;0800EEEE;14:05:49.748;1
null;0800EEEE;14:05:55.268;1
null;0800EEEE;14:06:00.853;1
null;0800EEEE;14:06:06.358;1
null;0800EEEE;14:06:12.103;1
null;0800EEEE;14:06:17.758;1
null;0800EEEE;14:06:23.338;1
null;0800EEEE;14:06:29.068;1
null;0800EEEE;14:06:34.723;1
null;0800EEEE;14:06:40.318;1
null;0800EEEE;14:06:45.818;1
null;0800EEEE;14:06:51.873;1
null;0800EEEE;14:06:57.398;1
null;0800EEEE;14:07:02.968;1
null;0800EEEE;14:07:08.698;1
null;0800EEEE;14:07:15.288;1
null;300030396062C3A0CA00000B563F;14:07:19.523;1
null;0800EEEE;14:07:20.948;1
2;2000FA4727F269000004;14:07:24.233;1
164;2000FA4727F269000148;14:07:24.423;2
null;0800EEEE;14:07:26.573;1
null;0800EEEE;14:07:32.078;1
null;0800EEEE;14:07:38.523;1
null;0800EEEE;14:07:44.088;1
null;0800EEEE;14:07:50.248;1
null;0800EEEE;14:07:55.903;1
null;0800EEEE;14:08:01.413;1
362;2000FA4727F2690002D4;14:08:03.353;2
412;2000FA4727F269000338;14:08:04.153;3
412;2000FA4727F269000337;14:08:04.168;1
25;2000FA4727F269000031;14:08:04.418;2
392;2000FA4727F269000310;14:08:05.008;2
88;2000FA4727F2690000AF;14:08:05.068;1
75;2000FA4727F269000096;14:08:05.613;3
47;2000FA4727F26900005D;14:08:05.963;3
33;2000FA4727F269000041;14:08:06.533;1
33;2000FA4727F269000042;14:08:06.553;2
null;0800EEEE;14:08:06.948;1
89;2000FA4727F2690000B1;14:08:07.113;1
89;2000FA4727F2690000B2;14:08:07.383;2
399;2000FA4727F26900031D;14:08:07.618;1
399;2000FA4727F26900031E;14:08:07.633;2
410;2000FA4727F269000333;14:08:07.698;1
13;2000FA4727F26900001A;14:08:07.943;3
390;2000FA4727F26900030B;14:08:08.603;1
409;2000FA4727F269000331;14:08:08.713;2
409;2000FA4727F269000332;14:08:08.813;2
385;2000FA4727F269000301;14:08:08.898;2
90;2000FA4727F2690000B3;14:08:09.198;3
395;2000FA4727F269000316;14:08:09.288;1
411;2000FA4727F269000336;14:08:09.323;1
90;2000FA4727F2690000B4;14:08:09.338;2
394;2000FA4727F269000313;14:08:09.503;2
413;2000FA4727F269000339;14:08:09.743;2
352;2000FA4727F2690002BF;14:08:09.973;1
373;2000FA4727F2690002EA;14:08:09.983;1
null;0800EEEE;14:08:12.538;1
null;0800EEEE;14:08:18.053;1
null;0800EEEE;14:08:23.793;1
null;0800EEEE;14:08:29.398;1
null;0800EEEE;14:08:34.973;1
null;0800EEEE;14:08:40.953;1
null;0800EEEE;14:09:09.278;1
null;0800EEEE;14:09:18.253;8
416;2000FA4727F269000340;14:09:48.838;3
356;2000FA4727F2690002C7;14:09:49.958;10
327;2000FA4727F26900028D;14:09:50.043;2
415;2000FA4727F26900033D;14:09:50.218;2
393;2000FA4727F269000311;14:09:50.398;2
415;2000FA4727F26900033E;14:09:50.443;8
393;2000FA4727F269000312;14:09:50.643;2
379;2000FA4727F2690002F5;14:09:50.668;11
379;2000FA4727F2690002F6;14:09:50.668;3
328;2000FA4727F269000290;14:09:50.908;3
166;2000FA4727F26900014B;14:09:51.038;2
365;2000FA4727F2690002DA;14:09:51.118;2
57;2000FA4727F269000071;14:09:51.338;3
221;2000FA4727F2690001B9;14:09:51.433;2
397;2000FA4727F269000319;14:09:51.518;1
159;2000FA4727F26900013E;14:09:51.838;1
396;2000FA4727F269000317;14:09:51.853;3
357;2000FA4727F2690002CA;14:09:52.183;1
77;2000FA4727F269000099;14:09:52.443;2
44;2000FA4727F269000057;14:09:52.853;2
388;2000FA4727F269000308;14:09:53.353;2
313;2000FA4727F269000272;14:09:53.573;1
313;2000FA4727F269000271;14:09:53.588;1
391;2000FA4727F26900030E;14:09:53.828;1
391;2000FA4727F26900030D;14:09:53.863;2
108;2000FA4727F2690000D7;14:09:53.948;2
337;2000FA4727F2690002A1;14:09:53.968;2
422;2000FA4727F26900034B;14:09:54.208;3
111;2000FA4727F2690000DD;14:09:55.013;3
430;2000FA4727F26900035C;14:09:55.038;2
383;2000FA4727F2690002FE;14:09:55.663;1
380;2000FA4727F2690002F7;14:09:55.858;1
354;2000FA4727F2690002C4;14:09:56.833;2
382;2000FA4727F2690002FC;14:09:57.323;2
431;2000FA4727F26900035E;14:09:57.408;2
403;2000FA4727F269000326;14:09:57.883;3
381;2000FA4727F2690002FA;14:09:58.168;2
381;2000FA4727F2690002F9;14:09:58.258;2
369;2000FA4727F2690002E1;14:09:58.588;2
369;2000FA4727F2690002E2;14:09:58.608;2
320;2000FA4727F269000280;14:09:59.328;2
19;2000FA4727F269000026;14:11:08.263;2
19;2000FA4727F269000025;14:11:08.283;2
407;2000FA4727F26900032D;14:11:08.533;3
404;2000FA4727F269000327;14:11:08.803;2
377;2000FA4727F2690002F1;14:12:18.808;1
417;2000FA4727F269000341;14:12:18.988;2
418;2000FA4727F269000343;14:12:19.373;3
398;2000FA4727F26900031B;14:12:19.393;1
null;0800EEEE;14:13:01.033;2
null;0800EEEE;14:13:10.568;1
null;0800EEEE;14:13:17.648;2
null;0800EEEE;14:13:25.728;1
null;0800EEEE;14:13:33.463;1
null;0800EEEE;14:13:39.458;2
null;0800EEEE;14:13:50.133;1
null;0800EEEE;14:13:56.748;1
null;0800EEEE;14:14:02.368;2
405;2000FA4727F269000329;14:14:08.248;3
405;2000FA4727F26900032A;14:14:08.453;2
423;2000FA4727F26900034D;14:14:08.948;2
355;2000FA4727F2690002C6;14:14:09.913;2
355;2000FA4727F2690002C5;14:14:09.933;2
null;0800EEEE;14:14:10.243;2
402;2000FA4727F269000323;14:14:10.793;1
401;2000FA4727F269000322;14:14:12.248;1
401;2000FA4727F269000321;14:14:12.353;2
null;0800EEEE;14:14:17.508;2
null;0800EEEE;14:14:23.823;2
null;0800EEEE;14:14:29.843;3
null;0800EEEE;14:14:36.113;2
null;0800EEEE;14:14:41.623;2
null;0800EEEE;14:14:47.638;2
null;0800EEEE;14:14:53.348;3
null;0800EEEE;14:14:58.963;1
null;0800EEEE;14:15:06.573;2
null;0800EEEE;14:15:12.538;2
null;0800EEEE;14:15:18.433;2
null;0800EEEE;14:15:26.228;2
null;0800EEEE;14:15:35.398;2
null;0800EEEE;14:15:41.758;2
null;0800EEEE;14:15:49.663;2
null;0800EEEE;14:15:55.383;2
null;0800EEEE;14:16:01.218;3
null;0800EEEE;14:16:06.908;2
358;2000FA4727F2690002CC;14:16:12.918;10
null;0800EEEE;14:16:12.953;2
367;2000FA4727F2690002DE;14:16:13.008;1
367;2000FA4727F2690002DD;14:16:13.038;2
30;2000FA4727F26900003C;14:16:13.138;2
30;2000FA4727F26900003B;14:16:13.238;2
81;2000FA4727F2690000A1;14:16:13.558;3
81;2000FA4727F2690000A2;14:16:13.648;1
120;2000FA4727F2690000EF;14:16:13.803;3
74;2000FA4727F269000093;14:16:14.158;2
85;2000FA4727F2690000A9;14:16:14.833;2
414;2000FA4727F26900033B;14:16:15.168;2
361;2000FA4727F2690002D1;14:16:15.488;2
53;2000FA4727F269000069;14:16:15.498;3
267;2000FA4727F269000216;14:16:15.748;1
53;2000FA4727F26900006A;14:16:15.788;2
24;2000FA4727F269000030;14:16:16.043;1
376;2000FA4727F2690002EF;14:16:17.193;1
406;2000FA4727F26900032B;14:16:17.773;2
406;2000FA4727F26900032C;14:16:17.798;2
370;2000FA4727F2690002E4;14:16:18.433;2
null;0800EEEE;14:16:18.998;1
null;0800EEEE;14:16:24.618;2
425;2000FA4727F269000352;14:16:27.898;1
425;2000FA4727F269000351;14:16:27.923;2
null;0800EEEE;14:16:30.243;2
null;0800EEEE;14:16:36.863;2
null;0800EEEE;14:16:42.548;2
null;0800EEEE;14:16:48.423;1
null;0800EEEE;14:16:54.228;2
null;0800EEEE;14:17:01.678;2
null;0800EEEE;14:17:07.488;2
null;0800EEEE;14:17:13.103;2
null;0800EEEE;14:17:19.238;2
null;0800EEEE;14:17:25.798;2
null;0800EEEE;14:17:31.323;1
null;0800EEEE;14:17:36.813;1
null;0800EEEE;14:17:42.443;1
null;0800EEEE;14:17:48.178;2
null;0800EEEE;14:17:53.813;2
null;0800EEEE;14:17:59.353;3
null;0800EEEE;14:18:04.988;1
null;0800EEEE;14:18:10.543;2
null;0800EEEE;14:18:16.053;1
null;0800EEEE;14:18:21.698;2
375;2000FA4727F2690002ED;14:18:24.443;2
null;0800EEEE;14:18:27.403;2
null;0800EEEE;14:18:33.228;2
null;0800EEEE;14:18:38.843;2
null;0800EEEE;14:18:44.883;2
null;0800EEEE;14:18:50.483;2
null;0800EEEE;14:18:57.018;2
null;0800EEEE;14:19:02.543;2
26;2000FA4727F269000034;14:19:04.478;2
99;2000FA4727F2690000C6;14:19:04.713;2
286;2000FA4727F26900023C;14:19:04.738;2
99;2000FA4727F2690000C5;14:19:04.823;2
64;2000FA4727F26900007F;14:19:05.398;2
null;0800EEEE;14:19:08.283;1
null;0800EEEE;14:19:14.218;2
null;0800EEEE;14:19:20.218;2
null;0800EEEE;14:19:27.978;2
null;0800EEEE;14:19:33.538;2
null;0800EEEE;14:19:44.338;2
null;0800EEEE;14:19:50.858;2
null;0800EEEE;14:19:56.618;2
null;0800EEEE;14:20:08.228;2
null;0800EEEE;14:20:14.563;2
null;0800EEEE;14:20:20.778;2
null;0800EEEE;14:20:30.023;2
null;0800EEEE;14:20:38.633;2
null;0800EEEE;14:20:45.753;2
null;0800EEEE;14:21:01.543;2
null;0800EEEE;14:21:07.213;2
null;0800EEEE;14:21:17.573;2
null;0800EEEE;14:21:30.853;2
null;0800EEEE;14:21:36.853;2
null;0800EEEE;14:21:42.683;2
null;0800EEEE;14:21:48.193;2
null;0800EEEE;14:21:53.703;2
null;0800EEEE;14:22:00.763;2
null;0800EEEE;14:22:06.258;2
null;0800EEEE;14:22:12.288;2
null;0800EEEE;14:22:18.503;2
41;2000FA4727F269000051;14:22:23.593;1
255;2000FA4727F2690001FD;14:22:23.778;2
18;2000FA4727F269000023;14:22:24.028;1
18;2000FA4727F269000024;14:22:24.053;1
63;2000FA4727F26900007E;14:22:24.173;3
353;2000FA4727F2690002C2;14:22:24.193;2
63;2000FA4727F26900007D;14:22:24.273;1
null;0800EEEE;14:22:25.163;2
null;0800EEEE;14:22:30.888;2
null;0800EEEE;14:22:36.513;2
null;0800EEEE;14:22:42.533;2
null;0800EEEE;14:22:48.453;2
null;0800EEEE;14:22:54.293;2
null;0800EEEE;14:22:59.893;2
null;0800EEEE;14:23:05.983;2
null;0800EEEE;14:23:11.668;2
null;0800EEEE;14:23:17.568;2
null;0800EEEE;14:23:23.193;2
351;2000FA4727F2690002BE;14:23:47.533;3
364;2000FA4727F2690002D8;14:24:18.538;1
364;2000FA4727F2690002D7;14:24:18.723;2
371;2000FA4727F2690002E6;14:25:27.513;3
371;2000FA4727F2690002E5;14:25:27.918;2
123;2000FA4727F2690000F6;14:25:31.778;2
368;2000FA4727F2690002E0;14:27:58.093;2
52;2000FA4727F269000067;14:28:09.743;2
366;2000FA4727F2690002DB;14:28:10.293;2
366;2000FA4727F2690002DC;14:28:10.368;3
183;2000FA4727F26900016D;14:28:10.718;2
372;2000FA4727F2690002E7;14:28:11.198;2
386;2000FA4727F269000303;14:28:11.503;3
386;2000FA4727F269000304;14:28:11.548;2
115;2000FA4727F2690000E5;14:28:11.923;1
66;2000FA4727F269000083;14:28:12.403;1
87;2000FA4727F2690000AD;14:28:13.228;9
43;2000FA4727F269000055;14:28:13.338;7
43;2000FA4727F269000056;14:28:13.433;1
378;2000FA4727F2690002F4;14:28:13.703;2
421;2000FA4727F26900034A;14:28:14.003;1
1;2000FA4727F269000001;14:28:14.113;2
1;2000FA4727F269000002;14:28:14.123;2
429;2000FA4727F269000359;14:28:14.443;2
268;2000FA4727F269000218;14:28:14.508;3
16;2000FA4727F269000020;14:28:14.643;3
408;2000FA4727F269000330;14:28:15.018;1
222;2000FA4727F2690001BC;14:28:15.213;2
144;2000FA4727F26900011F;14:28:15.363;1
144;2000FA4727F269000120;14:28:15.373;1
32;2000FA4727F269000040;14:28:15.528;1
363;2000FA4727F2690002D5;14:28:15.658;2
349;2000FA4727F2690002BA;14:28:15.828;2
137;2000FA4727F269000111;14:28:15.923;2
428;2000FA4727F269000357;14:28:16.083;2
428;2000FA4727F269000358;14:28:16.118;2
59;2000FA4727F269000075;14:28:16.403;3
59;2000FA4727F269000076;14:28:16.588;3
420;2000FA4727F269000347;14:28:18.043;2
423;2000FA4727F26900034E;14:29:42.633;8
423;2000FA4727F26900034D;14:29:42.728;12
22;2000FA4727F26900002C;14:32:24.948;1
164;2000FA4727F269000147;14:32:25.363;2
164;2000FA4727F269000148;14:32:25.378;2
412;2000FA4727F269000337;14:33:08.553;2
412;2000FA4727F269000338;14:33:08.713;2
373;2000FA4727F2690002E9;14:33:08.853;1
385;2000FA4727F269000302;14:33:09.018;1
385;2000FA4727F269000301;14:33:09.303;2
25;2000FA4727F269000031;14:33:09.388;1
392;2000FA4727F269000310;14:33:09.593;2
362;2000FA4727F2690002D4;14:33:09.628;2
410;2000FA4727F269000333;14:33:09.633;2
410;2000FA4727F269000334;14:33:09.648;3
395;2000FA4727F269000316;14:33:10.033;1
13;2000FA4727F26900001A;14:33:10.068;2
75;2000FA4727F269000096;14:33:10.423;2
409;2000FA4727F269000332;14:33:10.648;1
28;2000FA4727F269000038;14:33:10.913;2
89;2000FA4727F2690000B1;14:33:11.233;2
89;2000FA4727F2690000B2;14:33:11.248;2
399;2000FA4727F26900031D;14:33:11.383;1
88;2000FA4727F2690000AF;14:33:11.408;2
102;2000FA4727F2690000CB;14:33:11.508;2
33;2000FA4727F269000041;14:33:11.678;2
413;2000FA4727F269000339;14:33:11.818;3
394;2000FA4727F269000313;14:33:12.063;3
413;2000FA4727F26900033A;14:33:12.088;2
411;2000FA4727F269000336;14:33:12.363;2
411;2000FA4727F269000335;14:33:12.378;2
71;2000FA4727F26900008D;14:33:12.543;2
426;2000FA4727F269000354;14:33:12.863;1
426;2000FA4727F269000353;14:33:12.893;2
390;2000FA4727F26900030B;14:33:12.963;1
390;2000FA4727F26900030C;14:33:12.988;2
47;2000FA4727F26900005D;14:33:13.053;1
359;2000FA4727F2690002CD;14:33:13.933;5
359;2000FA4727F2690002CE;14:33:13.948;1
352;2000FA4727F2690002BF;14:34:24.223;2
415;2000FA4727F26900033D;14:35:34.758;3
166;2000FA4727F26900014C;14:35:34.768;2
166;2000FA4727F26900014B;14:35:34.768;2
415;2000FA4727F26900033E;14:35:34.823;1
357;2000FA4727F2690002CA;14:35:35.538;1
357;2000FA4727F2690002C9;14:35:35.643;2
379;2000FA4727F2690002F5;14:35:35.968;2
379;2000FA4727F2690002F6;14:35:35.983;2
356;2000FA4727F2690002C7;14:35:36.218;11
393;2000FA4727F269000311;14:35:36.308;3
393;2000FA4727F269000312;14:35:36.398;1
328;2000FA4727F269000290;14:35:36.883;2
396;2000FA4727F269000317;14:35:37.198;1
396;2000FA4727F269000318;14:35:37.388;2
159;2000FA4727F26900013E;14:35:37.468;3
221;2000FA4727F2690001B9;14:35:37.703;1
159;2000FA4727F26900013D;14:35:37.723;2
365;2000FA4727F2690002DA;14:35:37.883;2
397;2000FA4727F269000319;14:35:38.198;1
108;2000FA4727F2690000D7;14:35:38.473;2
416;2000FA4727F269000340;14:35:38.793;2
337;2000FA4727F2690002A1;14:35:39.513;11
388;2000FA4727F269000308;14:35:40.323;1
44;2000FA4727F269000057;14:35:40.563;3
422;2000FA4727F26900034B;14:35:41.093;3
111;2000FA4727F2690000DD;14:35:41.518;3
430;2000FA4727F26900035C;14:35:42.808;2
424;2000FA4727F26900034F;14:36:54.088;3
391;2000FA4727F26900030E;14:36:54.423;1
391;2000FA4727F26900030D;14:36:54.443;2
383;2000FA4727F2690002FE;14:36:54.608;3
383;2000FA4727F2690002FD;14:36:54.613;3
354;2000FA4727F2690002C4;14:36:55.653;3
382;2000FA4727F2690002FC;14:37:46.893;2
380;2000FA4727F2690002F7;14:38:45.298;2
20;2000FA4727F269000028;14:38:45.868;2
369;2000FA4727F2690002E1;14:39:30.513;2
369;2000FA4727F2690002E2;14:39:30.523;2
320;2000FA4727F269000280;14:39:30.848;3
431;2000FA4727F26900035E;14:39:30.868;6
407;2000FA4727F26900032D;14:40:58.873;1
407;2000FA4727F26900032E;14:40:58.953;1
377;2000FA4727F2690002F2;14:40:59.358;1
404;2000FA4727F269000327;14:40:59.378;3
377;2000FA4727F2690002F1;14:40:59.398;2
398;2000FA4727F26900031C;14:40:59.648;1
398;2000FA4727F26900031B;14:40:59.663;1
417;2000FA4727F269000341;14:41:00.003;11
418;2000FA4727F269000343;14:41:00.258;2
405;2000FA4727F269000329;14:44:49.873;11
405;2000FA4727F26900032A;14:44:50.133;2
81;2000FA4727F2690000A1;14:44:50.203;3
81;2000FA4727F2690000A2;14:44:50.323;1
30;2000FA4727F26900003B;14:44:50.353;2
361;2000FA4727F2690002D1;14:44:50.593;3
129;2000FA4727F269000102;14:44:51.923;2
24;2000FA4727F269000030;14:44:51.988;1
85;2000FA4727F2690000A9;14:44:52.093;1
24;2000FA4727F26900002F;14:44:52.118;2
401;2000FA4727F269000322;14:44:52.213;2
355;2000FA4727F2690002C5;14:44:52.383;2
358;2000FA4727F2690002CC;14:44:52.633;3
358;2000FA4727F2690002CB;14:44:52.708;8
402;2000FA4727F269000323;14:44:52.758;2
384;2000FA4727F2690002FF;14:44:52.938;1
384;2000FA4727F269000300;14:44:52.948;1
53;2000FA4727F269000069;14:44:53.593;1
53;2000FA4727F26900006A;14:44:53.608;1
414;2000FA4727F26900033B;14:44:53.958;3
414;2000FA4727F26900033C;14:44:54.038;1
427;2000FA4727F269000356;14:44:56.723;1
427;2000FA4727F269000355;14:44:56.823;2
376;2000FA4727F2690002EF;14:46:15.018;2
376;2000FA4727F2690002F0;14:46:15.033;2
286;2000FA4727F26900023C;14:47:48.413;11
99;2000FA4727F2690000C6;14:47:48.428;2
99;2000FA4727F2690000C5;14:47:48.688;2
26;2000FA4727F269000033;14:47:48.933;2
26;2000FA4727F269000034;14:47:49.023;2
370;2000FA4727F2690002E3;14:49:54.748;2
370;2000FA4727F2690002E4;14:49:54.763;2
419;2000FA4727F269000345;14:52:12.128;1
425;2000FA4727F269000352;14:52:12.238;2
425;2000FA4727F269000351;14:52:12.248;2
368;2000FA4727F2690002DF;14:53:02.548;2
43;2000FA4727F269000055;14:53:02.568;2
55;2000FA4727F26900006E;14:53:23.843;1
55;2000FA4727F26900006D;14:53:23.863;1
1;2000FA4727F269000001;14:53:24.053;1
1;2000FA4727F269000002;14:53:24.063;1
366;2000FA4727F2690002DB;14:53:28.323;3
366;2000FA4727F2690002DC;14:53:28.358;2
372;2000FA4727F2690002E7;14:53:28.518;1
378;2000FA4727F2690002F4;14:53:28.688;1
183;2000FA4727F26900016D;14:53:28.933;1
183;2000FA4727F26900016E;14:53:28.948;1
428;2000FA4727F269000358;14:53:29.293;2
429;2000FA4727F269000359;14:53:29.378;3
115;2000FA4727F2690000E5;14:53:29.698;2
144;2000FA4727F269000120;14:53:30.028;2
144;2000FA4727F26900011F;14:53:30.108;2
421;2000FA4727F26900034A;14:53:30.488;1
66;2000FA4727F269000083;14:53:30.573;3
52;2000FA4727F269000067;14:53:30.813;1
16;2000FA4727F269000020;14:53:31.063;1
268;2000FA4727F269000218;14:53:31.618;1
408;2000FA4727F269000330;14:53:31.643;2
222;2000FA4727F2690001BC;14:53:32.128;2
349;2000FA4727F2690002BA;14:53:32.288;3
386;2000FA4727F269000303;14:53:32.593;1
386;2000FA4727F269000304;14:53:32.608;1
137;2000FA4727F269000112;14:53:32.778;2
363;2000FA4727F2690002D6;14:53:33.148;2
363;2000FA4727F2690002D5;14:53:33.158;2
59;2000FA4727F269000075;14:53:33.528;1
59;2000FA4727F269000076;14:53:33.643;2
420;2000FA4727F269000347;14:53:34.593;2
255;2000FA4727F2690001FD;14:55:17.453;1
353;2000FA4727F2690002C2;14:55:18.748;2
41;2000FA4727F269000051;14:55:20.428;1
41;2000FA4727F269000052;14:55:20.613;2
63;2000FA4727F26900007E;14:55:20.693;3
18;2000FA4727F269000023;14:55:20.918;2
18;2000FA4727F269000024;14:55:21.428;2
null;30003039606203C680400008E753;14:56:09.288;2
353;2000FA4727F2690002C2;14:56:09.333;11
353;2000FA4727F2690002C1;14:56:09.813;2
255;2000FA4727F2690001FD;14:56:22.333;13
164;2000FA4727F269000148;14:57:40.848;2
2;2000FA4727F269000004;14:57:40.943;2
22;2000FA4727F26900002C;14:57:41.008;1
373;2000FA4727F2690002E9;14:59:09.103;1
373;2000FA4727F2690002EA;14:59:09.113;1
390;2000FA4727F26900030B;14:59:09.208;2
395;2000FA4727F269000316;14:59:49.308;2
412;2000FA4727F269000337;14:59:49.558;2
412;2000FA4727F269000338;14:59:49.568;2
88;2000FA4727F2690000AF;14:59:49.703;1
88;2000FA4727F2690000B0;14:59:49.728;2
392;2000FA4727F269000310;14:59:49.983;3
47;2000FA4727F26900005D;14:59:50.138;1
47;2000FA4727F26900005E;14:59:50.238;1
385;2000FA4727F269000301;14:59:50.333;2
228;2000FA4727F2690001C7;14:59:50.578;2
394;2000FA4727F269000313;14:59:50.743;2
75;2000FA4727F269000096;14:59:50.823;2
75;2000FA4727F269000095;14:59:50.843;2
426;2000FA4727F269000354;14:59:51.068;2
89;2000FA4727F2690000B1;14:59:51.473;1
71;2000FA4727F26900008D;14:59:51.798;1
410;2000FA4727F269000333;14:59:51.898;1
410;2000FA4727F269000334;14:59:51.913;2
409;2000FA4727F269000332;14:59:52.123;2
25;2000FA4727F269000031;14:59:52.378;2
411;2000FA4727F269000336;14:59:52.388;2
28;2000FA4727F269000038;14:59:52.628;2
33;2000FA4727F269000042;14:59:52.638;2
33;2000FA4727F269000041;14:59:52.713;2
413;2000FA4727F269000339;14:59:52.778;1
413;2000FA4727F26900033A;14:59:53.018;1
90;2000FA4727F2690000B4;14:59:53.063;3
90;2000FA4727F2690000B3;14:59:53.193;3
13;2000FA4727F269000019;14:59:53.223;2
13;2000FA4727F26900001A;14:59:53.413;2
359;2000FA4727F2690002CD;14:59:53.973;2
359;2000FA4727F2690002CE;14:59:54.218;2
351;2000FA4727F2690002BE;15:01:28.188;3
356;2000FA4727F2690002C7;15:01:30.558;1
166;2000FA4727F26900014B;15:01:30.643;1
393;2000FA4727F269000311;15:01:30.823;2
393;2000FA4727F269000312;15:01:30.983;2
221;2000FA4727F2690001B9;15:01:31.243;2
57;2000FA4727F269000071;15:01:31.253;2
415;2000FA4727F26900033D;15:01:31.343;2
360;2000FA4727F2690002CF;15:01:31.578;1
159;2000FA4727F26900013E;15:01:31.603;2
396;2000FA4727F269000317;15:01:31.628;2
96;2000FA4727F2690000C0;15:01:31.633;2
159;2000FA4727F26900013D;15:01:31.893;2
379;2000FA4727F2690002F5;15:01:32.188;1
357;2000FA4727F2690002CA;15:01:32.633;2
328;2000FA4727F269000290;15:01:32.868;3
430;2000FA4727F26900035C;15:01:33.128;2
327;2000FA4727F26900028D;15:01:33.288;1
416;2000FA4727F269000340;15:01:33.628;3
389;2000FA4727F26900030A;15:01:34.158;2
389;2000FA4727F269000309;15:01:34.188;2
337;2000FA4727F2690002A1;15:01:34.398;9
44;2000FA4727F269000057;15:01:34.583;2
422;2000FA4727F26900034B;15:01:35.083;2
111;2000FA4727F2690000DD;15:01:35.628;1
388;2000FA4727F269000308;15:01:35.968;2
381;2000FA4727F2690002FA;15:01:36.753;1
381;2000FA4727F2690002F9;15:01:36.773;1
371;2000FA4727F2690002E6;15:02:30.183;2
371;2000FA4727F2690002E5;15:02:30.268;2
364;2000FA4727F2690002D8;15:02:43.708;1
123;2000FA4727F2690000F6;15:03:51.513;2
123;2000FA4727F2690000F5;15:03:51.538;2
127;2000FA4727F2690000FD;15:03:51.758;1
127;2000FA4727F2690000FE;15:03:52.103;2
399;2000FA4727F26900031D;15:04:24.113;1
399;2000FA4727F26900031E;15:04:24.133;1
354;2000FA4727F2690002C4;15:05:01.493;3
424;2000FA4727F26900034F;15:05:01.688;7
391;2000FA4727F26900030E;15:05:01.853;1
391;2000FA4727F26900030D;15:05:02.123;2
383;2000FA4727F2690002FD;15:05:02.388;2
383;2000FA4727F2690002FE;15:05:02.408;2
399;2000FA4727F26900031D;15:05:36.368;2
399;2000FA4727F26900031E;15:05:36.393;2
403;2000FA4727F269000326;15:07:04.073;2
382;2000FA4727F2690002FC;15:07:04.093;2
382;2000FA4727F2690002FB;15:07:04.098;2
320;2000FA4727F269000280;15:08:53.163;2
431;2000FA4727F26900035E;15:08:53.478;1
369;2000FA4727F2690002E2;15:08:54.518;3
369;2000FA4727F2690002E1;15:08:54.558;2
19;2000FA4727F269000026;15:10:40.103;1
19;2000FA4727F269000025;15:10:40.128;2
377;2000FA4727F2690002F2;15:10:40.588;1
377;2000FA4727F2690002F1;15:10:40.603;1
417;2000FA4727F269000341;15:10:40.998;5
417;2000FA4727F269000342;15:10:41.023;2
404;2000FA4727F269000327;15:10:41.273;2
407;2000FA4727F26900032D;15:10:41.413;3
418;2000FA4727F269000343;15:10:42.278;2
53;2000FA4727F269000069;15:11:53.608;1
304;2000FA4727F26900025F;15:11:53.623;1
74;2000FA4727F269000094;15:11:53.633;3
74;2000FA4727F269000093;15:11:53.648;3
304;2000FA4727F269000260;15:11:53.793;1
367;2000FA4727F2690002DE;15:11:53.818;3
81;2000FA4727F2690000A1;15:12:30.843;9
81;2000FA4727F2690000A2;15:12:30.868;2
85;2000FA4727F2690000A9;15:12:31.763;2
267;2000FA4727F269000216;15:12:31.828;1
30;2000FA4727F26900003B;15:12:31.868;2
30;2000FA4727F26900003C;15:12:31.888;2
358;2000FA4727F2690002CC;15:12:31.938;1
361;2000FA4727F2690002D1;15:12:32.148;2
24;2000FA4727F269000030;15:12:32.368;1
384;2000FA4727F2690002FF;15:12:32.733;2
384;2000FA4727F269000300;15:12:32.753;2
129;2000FA4727F269000101;15:12:32.753;2
129;2000FA4727F269000102;15:12:32.753;3
414;2000FA4727F26900033B;15:12:33.288;1
414;2000FA4727F26900033C;15:12:33.313;1
398;2000FA4727F26900031C;15:12:34.253;1
398;2000FA4727F26900031B;15:12:34.268;1
120;2000FA4727F2690000EF;15:14:40.623;2
120;2000FA4727F2690000F0;15:14:40.763;1
402;2000FA4727F269000323;15:14:41.943;3
401;2000FA4727F269000322;15:14:42.533;1
355;2000FA4727F2690002C6;15:16:36.358;2
355;2000FA4727F2690002C5;15:16:36.373;2
26;2000FA4727F269000033;15:17:08.278;2
405;2000FA4727F269000329;15:17:37.823;9
405;2000FA4727F26900032A;15:17:37.843;1
99;2000FA4727F2690000C6;15:17:37.918;1
286;2000FA4727F26900023C;15:17:38.573;3
376;2000FA4727F2690002EF;15:17:43.208;2
378;2000FA4727F2690002F4;15:17:44.158;2
428;2000FA4727F269000358;15:17:44.223;1
428;2000FA4727F269000357;15:17:44.238;1
52;2000FA4727F269000068;15:17:44.473;1
222;2000FA4727F2690001BC;15:18:02.048;2
59;2000FA4727F269000075;15:18:02.263;1
59;2000FA4727F269000076;15:18:02.288;2
66;2000FA4727F269000083;15:18:03.368;3
87;2000FA4727F2690000AD;15:18:04.353;2
183;2000FA4727F26900016D;15:18:04.528;3
183;2000FA4727F26900016E;15:18:04.543;2
32;2000FA4727F269000040;15:18:04.838;5
366;2000FA4727F2690002DC;15:18:05.678;2
429;2000FA4727F269000359;15:18:05.708;2
366;2000FA4727F2690002DB;15:18:05.713;3
55;2000FA4727F26900006E;15:18:06.288;2
363;2000FA4727F2690002D5;15:18:06.348;1
16;2000FA4727F269000020;15:18:06.678;1
421;2000FA4727F26900034A;15:18:06.763;1
408;2000FA4727F269000330;15:18:07.083;3
386;2000FA4727F269000303;15:18:07.183;1
349;2000FA4727F2690002BA;15:18:07.353;1
137;2000FA4727F269000111;15:18:07.598;1
137;2000FA4727F269000112;15:18:07.623;2
1;2000FA4727F269000001;15:18:07.878;2
null;300030395DFA833E6200000978C6;15:18:35.793;1
427;2000FA4727F269000356;15:18:41.703;1
352;2000FA4727F2690002BF;15:18:43.698;2
352;2000FA4727F2690002C0;15:18:44.058;2
352;2000FA4727F2690002BF;15:18:56.773;1
352;2000FA4727F2690002C0;15:19:10.158;3
352;2000FA4727F2690002BF;15:19:10.843;6
352;2000FA4727F2690002BF;15:19:26.038;3
352;2000FA4727F2690002C0;15:19:26.148;2
420;2000FA4727F269000347;15:20:21.798;2
64;2000FA4727F26900007F;15:21:27.503;3
353;2000FA4727F2690002C2;15:21:42.958;2
353;2000FA4727F2690002C1;15:21:42.973;2
352;2000FA4727F2690002C0;15:22:30.178;2
353;2000FA4727F2690002C1;15:22:39.743;1
353;2000FA4727F2690002C2;15:22:54.173;1
353;2000FA4727F2690002C1;15:22:58.173;1
22;2000FA4727F26900002C;15:23:24.593;1
390;2000FA4727F26900030B;15:24:52.483;1
373;2000FA4727F2690002E9;15:24:52.723;1
373;2000FA4727F2690002EA;15:24:52.828;1
47;2000FA4727F26900005D;15:25:51.773;1
47;2000FA4727F26900005E;15:25:51.793;2
413;2000FA4727F269000339;15:25:51.958;2
409;2000FA4727F269000331;15:25:52.188;1
409;2000FA4727F269000332;15:25:52.203;1
413;2000FA4727F26900033A;15:25:52.218;2
89;2000FA4727F2690000B1;15:25:53.158;1
89;2000FA4727F2690000B2;15:25:53.183;2
228;2000FA4727F2690001C7;15:25:53.248;1
228;2000FA4727F2690001C8;15:25:53.268;2
88;2000FA4727F2690000AF;15:25:53.488;5
88;2000FA4727F2690000B0;15:25:53.503;1
75;2000FA4727F269000096;15:25:53.923;2
392;2000FA4727F269000310;15:25:54.478;1
395;2000FA4727F269000316;15:25:54.583;2
395;2000FA4727F269000315;15:25:54.828;2
410;2000FA4727F269000334;15:25:55.133;9
410;2000FA4727F269000333;15:25:55.148;3
90;2000FA4727F2690000B3;15:25:55.478;1
90;2000FA4727F2690000B4;15:25:55.493;1
13;2000FA4727F26900001A;15:25:55.663;2
362;2000FA4727F2690002D4;15:25:55.883;1
394;2000FA4727F269000313;15:25:56.143;2
411;2000FA4727F269000335;15:25:56.778;2
411;2000FA4727F269000336;15:25:56.783;3
412;2000FA4727F269000337;15:25:57.318;1
25;2000FA4727F269000031;15:25:57.553;1
426;2000FA4727F269000354;15:25:57.578;2
426;2000FA4727F269000353;15:25:57.663;1
71;2000FA4727F26900008D;15:25:58.878;2
359;2000FA4727F2690002CD;15:25:59.023;7
359;2000FA4727F2690002CE;15:25:59.118;3
370;2000FA4727F2690002E4;15:26:42.063;3
96;2000FA4727F2690000C0;15:27:15.233;1
328;2000FA4727F269000290;15:27:15.473;3
379;2000FA4727F2690002F5;15:27:15.803;1
379;2000FA4727F2690002F6;15:27:15.828;2
108;2000FA4727F2690000D7;15:27:16.083;3
57;2000FA4727F269000071;15:27:19.208;1
396;2000FA4727F269000317;15:27:19.383;1
396;2000FA4727F269000318;15:27:19.393;1
166;2000FA4727F26900014B;15:27:19.873;1
166;2000FA4727F26900014C;15:27:20.038;1
397;2000FA4727F269000319;15:27:20.353;1
393;2000FA4727F269000312;15:27:20.623;2
393;2000FA4727F269000311;15:27:20.638;2
387;2000FA4727F269000305;15:27:20.708;2
415;2000FA4727F26900033D;15:27:21.248;1
415;2000FA4727F26900033E;15:27:21.273;1
389;2000FA4727F269000309;15:27:21.513;1
416;2000FA4727F269000340;15:27:21.533;2
422;2000FA4727F26900034B;15:27:21.703;2
159;2000FA4727F26900013E;15:27:21.883;1
77;2000FA4727F269000099;15:27:21.983;2
77;2000FA4727F26900009A;15:27:21.998;2
111;2000FA4727F2690000DD;15:27:22.448;1
111;2000FA4727F2690000DE;15:27:22.528;1
337;2000FA4727F2690002A1;15:27:22.613;3
337;2000FA4727F2690002A2;15:27:22.698;1
44;2000FA4727F269000057;15:27:25.163;2
430;2000FA4727F26900035C;15:27:26.258;11
365;2000FA4727F2690002DA;15:27:27.008;2
381;2000FA4727F2690002F9;15:27:28.363;2
381;2000FA4727F2690002FA;15:27:28.423;1
221;2000FA4727F2690001B9;15:28:07.043;1
379;2000FA4727F2690002F5;15:28:19.583;1
379;2000FA4727F2690002F6;15:28:23.348;1
379;2000FA4727F2690002F5;15:28:25.163;1
379;2000FA4727F2690002F6;15:28:29.133;1
379;2000FA4727F2690002F5;15:28:30.678;1
379;2000FA4727F2690002F6;15:28:34.878;1
379;2000FA4727F2690002F5;15:28:36.378;1
357;2000FA4727F2690002CA;15:28:39.118;1
357;2000FA4727F2690002C9;15:28:39.283;1
379;2000FA4727F2690002F5;15:28:42.393;2
379;2000FA4727F2690002F6;15:28:44.868;1
381;2000FA4727F2690002FA;15:28:54.018;3
381;2000FA4727F2690002F9;15:28:56.303;2
381;2000FA4727F2690002F9;15:29:01.858;1
419;2000FA4727F269000345;15:29:10.938;2
425;2000FA4727F269000351;15:29:11.323;1
425;2000FA4727F269000352;15:29:11.563;1
388;2000FA4727F269000308;15:29:13.023;2
57;2000FA4727F269000071;15:29:14.768;1
388;2000FA4727F269000307;15:29:16.923;1
108;2000FA4727F2690000D7;15:29:16.998;1
221;2000FA4727F2690001B9;15:29:17.708;1
63;2000FA4727F26900007E;15:29:17.978;3
387;2000FA4727F269000305;15:29:18.048;1
388;2000FA4727F269000308;15:29:18.748;1
41;2000FA4727F269000051;15:29:19.013;1
18;2000FA4727F269000023;15:29:19.328;1
18;2000FA4727F269000024;15:29:19.578;1
387;2000FA4727F269000306;15:29:21.863;1
108;2000FA4727F2690000D7;15:29:22.818;1
328;2000FA4727F269000290;15:29:23.948;3
387;2000FA4727F269000305;15:29:27.498;1
96;2000FA4727F2690000C0;15:29:28.238;1
108;2000FA4727F2690000D7;15:29:32.028;1
365;2000FA4727F2690002DA;15:29:32.238;2
365;2000FA4727F2690002DA;15:29:37.798;3
108;2000FA4727F2690000D7;15:29:38.253;1
365;2000FA4727F2690002DA;15:29:43.313;2
108;2000FA4727F2690000D7;15:29:44.593;1
108;2000FA4727F2690000D7;15:29:51.738;1
365;2000FA4727F2690002DA;15:29:53.783;1
365;2000FA4727F2690002D9;15:29:57.953;1
365;2000FA4727F2690002DA;15:29:59.328;1
108;2000FA4727F2690000D7;15:30:16.468;1
108;2000FA4727F2690000D7;15:30:23.108;1
108;2000FA4727F2690000D7;15:30:32.903;1
108;2000FA4727F2690000D7;15:30:38.778;1
108;2000FA4727F2690000D7;15:30:44.338;1
18;2000FA4727F269000023;15:30:53.143;1
null;3400E28011700000020B9765341D;15:30:53.363;2
18;2000FA4727F269000024;15:30:55.623;1
397;2000FA4727F269000319;15:30:57.038;2
111;2000FA4727F2690000DE;15:30:57.638;2
null;3400E28011700000020B9765341D;15:30:58.973;3
111;2000FA4727F2690000DD;15:30:59.108;1
397;2000FA4727F26900031A;15:30:59.463;1
111;2000FA4727F2690000DE;15:31:03.248;3
397;2000FA4727F269000319;15:31:05.063;1
159;2000FA4727F26900013E;15:31:44.678;2
159;2000FA4727F26900013D;15:31:45.883;1
397;2000FA4727F269000319;15:31:46.573;1
389;2000FA4727F269000309;15:32:21.683;1
389;2000FA4727F26900030A;15:32:21.708;1
389;2000FA4727F269000309;15:32:27.878;1
383;2000FA4727F2690002FD;15:33:36.818;1
383;2000FA4727F2690002FE;15:33:36.833;1
391;2000FA4727F26900030E;15:33:36.983;3
391;2000FA4727F26900030D;15:33:37.103;2
354;2000FA4727F2690002C4;15:33:38.583;1
430;2000FA4727F26900035C;15:33:48.238;3
430;2000FA4727F26900035B;15:33:53.143;2
356;2000FA4727F2690002C7;15:33:53.658;3
430;2000FA4727F26900035C;15:33:54.038;3
430;2000FA4727F26900035B;15:33:58.688;3
430;2000FA4727F26900035C;15:33:59.593;1
424;2000FA4727F26900034F;15:35:55.158;3
424;2000FA4727F269000350;15:35:57.108;2
382;2000FA4727F2690002FC;15:36:44.348;1
403;2000FA4727F269000326;15:36:44.863;3
337;2000FA4727F2690002A1;15:37:38.233;1
337;2000FA4727F2690002A1;15:37:45.283;1
33;2000FA4727F269000041;15:37:48.453;4
33;2000FA4727F269000042;15:37:48.533;4
33;2000FA4727F269000041;15:37:54.003;1
33;2000FA4727F269000042;15:37:54.053;4
33;2000FA4727F269000041;15:38:03.183;1
53;2000FA4727F269000069;15:38:11.793;3
74;2000FA4727F269000093;15:38:12.263;1
74;2000FA4727F269000094;15:38:12.273;1
20;2000FA4727F269000027;15:38:13.428;2
20;2000FA4727F269000028;15:38:13.443;2
367;2000FA4727F2690002DE;15:38:14.718;2
320;2000FA4727F269000280;15:38:14.783;1
320;2000FA4727F26900027F;15:38:14.793;1
369;2000FA4727F2690002E1;15:38:15.228;1
380;2000FA4727F2690002F7;15:38:15.493;2
377;2000FA4727F2690002F2;15:38:15.813;1
404;2000FA4727F269000327;15:38:16.148;6
431;2000FA4727F26900035E;15:38:16.508;2
33;2000FA4727F269000041;15:38:16.743;1
33;2000FA4727F269000042;15:38:18.773;2
77;2000FA4727F269000099;15:38:56.013;1
77;2000FA4727F269000099;15:39:03.253;1
77;2000FA4727F26900009A;15:39:05.483;1
77;2000FA4727F269000099;15:39:12.408;1
19;2000FA4727F269000026;15:40:01.313;1
19;2000FA4727F269000025;15:40:01.498;2
418;2000FA4727F269000343;15:40:01.718;1
417;2000FA4727F269000341;15:40:01.763;2
418;2000FA4727F269000344;15:40:01.853;2
371;2000FA4727F2690002E6;15:40:16.953;1
371;2000FA4727F2690002E5;15:40:16.973;1
383;2000FA4727F2690002FE;15:40:43.908;1
383;2000FA4727F2690002FD;15:40:45.233;2
351;2000FA4727F2690002BE;15:40:55.078;2
null;0800EEEE;15:41:20.458;2
null;0800EEEE;15:41:29.658;8
378;2000FA4727F2690002F4;15:41:58.898;2
52;2000FA4727F269000067;15:41:58.963;3
428;2000FA4727F269000357;15:41:59.218;1
384;2000FA4727F2690002FF;15:42:44.558;2
358;2000FA4727F2690002CC;15:42:45.118;3
361;2000FA4727F2690002D1;15:42:45.298;1
81;2000FA4727F2690000A1;15:42:45.393;15
81;2000FA4727F2690000A2;15:42:45.413;3
414;2000FA4727F26900033C;15:42:45.823;2
414;2000FA4727F26900033B;15:42:45.848;2
24;2000FA4727F26900002F;15:42:46.483;2
407;2000FA4727F26900032D;15:42:49.408;2
30;2000FA4727F26900003B;15:42:49.973;1
363;2000FA4727F2690002D5;15:42:52.588;2
363;2000FA4727F2690002D6;15:42:52.733;1
408;2000FA4727F269000330;15:42:54.253;2
408;2000FA4727F26900032F;15:42:54.363;2
59;2000FA4727F269000075;15:42:55.313;1
66;2000FA4727F269000083;15:42:56.293;2
43;2000FA4727F269000055;15:42:56.438;5
372;2000FA4727F2690002E7;15:42:56.893;2
386;2000FA4727F269000303;15:42:57.193;1
429;2000FA4727F269000359;15:42:57.518;1
1;2000FA4727F269000001;15:42:57.793;2
366;2000FA4727F2690002DB;15:42:58.038;3
366;2000FA4727F2690002DC;15:42:58.128;3
144;2000FA4727F269000120;15:42:58.378;1
421;2000FA4727F26900034A;15:42:58.703;1
16;2000FA4727F269000020;15:42:58.873;1
16;2000FA4727F26900001F;15:42:59.073;2
183;2000FA4727F26900016D;15:42:59.453;1
183;2000FA4727F26900016E;15:42:59.478;2
115;2000FA4727F2690000E5;15:42:59.723;2
137;2000FA4727F269000111;15:43:00.188;1
222;2000FA4727F2690001BC;15:43:00.428;1
87;2000FA4727F2690000AD;15:43:01.068;1
418;2000FA4727F269000343;15:43:24.538;12
418;2000FA4727F269000344;15:43:24.838;8
320;2000FA4727F269000280;15:43:40.438;1
364;2000FA4727F2690002D8;15:43:40.918;1
364;2000FA4727F2690002D7;15:43:41.023;2
398;2000FA4727F26900031B;15:43:58.508;1
398;2000FA4727F26900031C;15:43:58.518;1
30;2000FA4727F26900003B;15:43:59.683;8
361;2000FA4727F2690002D1;15:43:59.828;12
361;2000FA4727F2690002D2;15:43:59.998;12
30;2000FA4727F26900003C;15:44:00.773;1
74;2000FA4727F269000093;15:44:06.248;3
361;2000FA4727F2690002D1;15:44:07.538;3
361;2000FA4727F2690002D2;15:44:08.333;1
30;2000FA4727F26900003B;15:44:10.938;1
30;2000FA4727F26900003C;15:44:11.158;3
74;2000FA4727F269000093;15:44:12.488;1
74;2000FA4727F269000094;15:44:13.198;1
361;2000FA4727F2690002D1;15:44:18.133;1
30;2000FA4727F26900003C;15:44:18.413;2
30;2000FA4727F26900003B;15:44:18.893;1
30;2000FA4727F26900003C;15:44:24.038;1
30;2000FA4727F26900003B;15:44:25.518;2
361;2000FA4727F2690002D1;15:44:28.433;1
380;2000FA4727F2690002F7;15:44:42.683;2
380;2000FA4727F2690002F8;15:44:42.703;2
19;2000FA4727F269000026;15:44:52.853;6
19;2000FA4727F269000025;15:44:53.163;2
379;2000FA4727F2690002F6;15:45:39.988;2
379;2000FA4727F2690002F5;15:45:40.718;3
401;2000FA4727F269000321;15:46:24.133;2
401;2000FA4727F269000322;15:46:24.593;1
120;2000FA4727F2690000EF;15:46:25.228;1
20;2000FA4727F269000028;15:46:37.033;1
20;2000FA4727F269000027;15:46:38.248;2
20;2000FA4727F269000028;15:46:42.628;1
129;2000FA4727F269000102;15:46:58.338;2
395;2000FA4727F269000316;15:47:06.313;2
395;2000FA4727F269000315;15:47:06.828;2
401;2000FA4727F269000322;15:47:47.818;2
267;2000FA4727F269000216;15:47:58.078;2
267;2000FA4727F269000215;15:47:59.248;1
85;2000FA4727F2690000A9;15:47:59.698;1
85;2000FA4727F2690000AA;15:48:00.723;2
358;2000FA4727F2690002CC;15:48:02.333;2
401;2000FA4727F269000322;15:48:06.253;3
401;2000FA4727F269000322;15:48:11.888;3
401;2000FA4727F269000321;15:48:19.093;1
401;2000FA4727F269000322;15:48:19.123;2
129;2000FA4727F269000102;15:48:35.018;2
159;2000FA4727F26900013E;15:48:41.723;1
159;2000FA4727F26900013D;15:48:42.498;2
22;2000FA4727F26900002C;15:49:11.698;2
2;2000FA4727F269000004;15:49:12.178;2
420;2000FA4727F269000347;15:49:12.398;3
420;2000FA4727F269000348;15:49:12.508;2
405;2000FA4727F269000329;15:49:12.838;3
85;2000FA4727F2690000A9;15:49:38.523;2
85;2000FA4727F2690000A9;15:49:44.763;2
85;2000FA4727F2690000AA;15:49:45.023;2
417;2000FA4727F269000341;15:49:46.718;4
417;2000FA4727F269000342;15:49:46.933;14
376;2000FA4727F2690002EF;15:49:57.863;1
376;2000FA4727F2690002F0;15:49:57.883;1
355;2000FA4727F2690002C5;15:50:04.008;1
355;2000FA4727F2690002C6;15:50:04.198;2
120;2000FA4727F2690000EF;15:50:08.618;2
120;2000FA4727F2690000F0;15:50:08.953;3
129;2000FA4727F269000102;15:50:26.048;2
388;2000FA4727F269000307;15:50:36.418;1
388;2000FA4727F269000308;15:50:36.658;1
389;2000FA4727F26900030A;15:50:48.393;1
389;2000FA4727F269000309;15:50:52.628;1
367;2000FA4727F2690002DE;15:50:55.208;2
85;2000FA4727F2690000A9;15:51:01.643;1
85;2000FA4727F2690000AA;15:51:03.183;2
367;2000FA4727F2690002DE;15:51:03.823;1
373;2000FA4727F2690002E9;15:51:08.948;1
373;2000FA4727F2690002EA;15:51:08.958;1
390;2000FA4727F26900030B;15:51:09.348;1
410;2000FA4727F269000334;15:51:36.208;3
410;2000FA4727F269000333;15:51:36.323;2
409;2000FA4727F269000331;15:51:36.553;1
409;2000FA4727F269000332;15:51:36.583;1
89;2000FA4727F2690000B1;15:51:36.598;2
89;2000FA4727F2690000B2;15:51:36.758;2
25;2000FA4727F269000031;15:52:18.643;2
426;2000FA4727F269000353;15:52:18.893;2
28;2000FA4727F269000038;15:52:44.663;1
362;2000FA4727F2690002D4;15:52:44.943;2
362;2000FA4727F2690002D3;15:52:45.028;2
88;2000FA4727F2690000AF;15:52:45.053;3
88;2000FA4727F2690000B0;15:52:45.208;2
392;2000FA4727F269000310;15:52:45.278;1
71;2000FA4727F26900008D;15:52:45.463;10
71;2000FA4727F26900008E;15:52:45.488;2
228;2000FA4727F2690001C7;15:52:45.643;2
228;2000FA4727F2690001C8;15:52:45.748;2
394;2000FA4727F269000313;15:52:45.903;2
13;2000FA4727F26900001A;15:52:45.993;2
13;2000FA4727F269000019;15:52:46.013;2
75;2000FA4727F269000096;15:52:46.468;1
412;2000FA4727F269000337;15:52:46.788;1
412;2000FA4727F269000338;15:52:46.808;2
411;2000FA4727F269000335;15:52:47.268;1
411;2000FA4727F269000336;15:52:47.293;2
385;2000FA4727F269000301;15:52:47.508;1
385;2000FA4727F269000302;15:52:47.543;1
90;2000FA4727F2690000B3;15:52:47.623;1
90;2000FA4727F2690000B4;15:52:47.638;1
47;2000FA4727F26900005D;15:52:47.713;5
359;2000FA4727F2690002CD;15:52:49.093;3
null;30003039606283C49B00000D3944;15:53:01.373;2
null;4000313532384D3137334634343830373032;15:53:50.133;1
null;4000313532384D3137334634343830373032;15:53:57.998;1
null;4000313532384D3137334634343830373032;15:54:06.018;1
null;4000313532384D3137334634343830373032;15:54:14.508;1
null;4000313532384D3137334634343830373032;15:54:24.308;1
null;4000313532384D3137334634343830373032;15:54:40.023;1
null;4000313532384D3137334634343830373032;15:54:46.923;1
null;4000313532384D3137334634343830373032;15:54:52.728;1
null;4000313532384D3137334634343830373032;15:55:00.568;1
null;4000313532384D3137334634343830373032;15:55:07.838;1
null;4000313532384D3137334634343830373032;15:55:24.773;1
null;4000313532384D3137334634343830373032;15:55:31.008;1
null;4000313532384D3137334634343830373032;15:55:39.408;1
null;4000313532384D3137334634343830373032;15:55:46.693;1
null;4000313532384D3137334634343830373032;15:55:54.413;1
null;4000313532384D3137334634343830373032;15:56:01.518;1
null;4000313532384D3137334634343830373032;15:56:13.583;1
null;4000313532384D3137334634343830373032;15:56:21.258;1
null;4000313532384D3137334634343830373032;15:56:26.788;1
null;4000313532384D3137334634343830373032;15:56:35.203;1
null;4000313532384D3137334634343830373032;15:56:51.338;1
null;4000313532384D3137334634343830373032;15:56:57.713;1
20;2000FA4727F269000028;15:57:03.138;1
null;4000313532384D3137334634343830373032;15:57:06.073;1
null;4000313532384D3137334634343830373032;15:57:20.048;1
null;4000313532384D3137334634343830373032;15:57:28.543;1
383;2000FA4727F2690002FE;15:57:36.988;2
393;2000FA4727F269000312;15:57:48.923;1
null;4000313532384D3137334634343830373032;15:57:58.573;1
null;4000313532384D3137334634343830373032;15:58:06.188;1
null;4000313532384D3137334634343830373032;15:58:17.578;1
17;2000FA4727F269000021;15:58:31.608;2
17;2000FA4727F269000022;15:58:31.863;2
17;2000FA4727F269000022;15:58:37.543;2
17;2000FA4727F269000021;15:58:40.423;2
17;2000FA4727F269000021;15:58:46.878;2
null;4000313532384D3137334634343830373032;15:58:47.273;1
17;2000FA4727F269000022;15:58:48.743;8
17;2000FA4727F269000021;15:58:55.738;1
null;4000313532384D3137334634343830373032;15:59:03.388;1
null;4000313532384D3137334634343830373032;15:59:40.663;1
null;4000313532384D3137334634343830373032;15:59:51.408;1
null;4000313532384D3137334634343830373032;15:59:56.968;1
null;4000313532384D3137334634343830373032;16:00:11.528;1
null;4000313532384D3137334634343830373032;16:00:17.653;1
null;4000313532384D3137334634343830373032;16:00:27.698;1
null;4000313532384D3137334634343830373032;16:01:14.083;1
null;4000313532384D3137334634343830373032;16:01:37.348;1
null;4000313532384D3137334634343830373032;16:01:46.138;1
null;4000313532384D3137334634343830373032;16:01:53.543;1
null;4000313532384D3137334634343830373032;16:02:00.568;1
null;4000313532384D3137334634343830373032;16:02:10.723;1
null;4000313532384D3137334634343830373032;16:02:18.028;1
null;4000313532384D3137334634343830373032;16:02:23.808;1
null;4000313532384D3137334634343830373032;16:02:30.713;1
null;4000313532384D3137334634343830373032;16:02:40.003;1
null;4000313532384D3137334634343830373032;16:02:55.263;1
null;4000313532384D3137334634343830373032;16:03:10.463;1
null;4000313532384D3137334634343830373032;16:03:18.523;1
null;4000313532384D3137334634343830373032;16:03:26.348;1
26;2000FA4727F269000033;16:03:34.323;1
null;4000313532384D3137334634343830373032;16:03:37.763;1
null;4000313532384D3137334634343830373032;16:03:43.288;1
166;2000FA4727F26900014B;16:03:56.408;1
null;4000313532384D3137334634343830373032;16:03:56.428;1
null;4000313532384D3137334634343830373032;16:05:10.743;1
null;4000313532384D3137334634343830373032;16:05:19.058;1
null;4000313532384D3137334634343830373032;16:05:28.423;1
null;4000313532384D3137334634343830373032;16:05:36.143;1
null;4000313532384D3137334634343830373032;16:05:42.198;1
null;4000313532384D3137334634343830373032;16:05:50.218;1
null;4000313532384D3137334634343830373032;16:05:55.788;1
null;4000313532384D3137334634343830373032;16:06:03.063;1
null;4000313532384D3137334634343830373032;16:06:12.463;1
null;4000313532384D3137334634343830373032;16:06:18.013;1
378;2000FA4727F2690002F4;16:06:37.338;2
428;2000FA4727F269000358;16:06:44.138;2
52;2000FA4727F269000067;16:06:44.363;1
428;2000FA4727F269000357;16:06:44.383;1
null;4000313532384D3137334634343830373032;16:06:49.408;1
null;4000313532384D3137334634343830373032;16:06:56.693;1
null;4000313532384D3137334634343830373032;16:07:06.128;1
null;4000313532384D3137334634343830373032;16:07:12.628;1
null;4000313532384D3137334634343830373032;16:07:29.213;1
null;4000313532384D3137334634343830373032;16:08:00.898;1
null;4000313532384D3137334634343830373032;16:08:13.443;1
1;2000FA4727F269000001;16:08:22.178;1
1;2000FA4727F269000002;16:08:22.198;2
408;2000FA4727F269000330;16:08:22.428;3
408;2000FA4727F26900032F;16:08:22.448;1
429;2000FA4727F269000359;16:08:23.018;2
386;2000FA4727F269000303;16:08:23.103;2
55;2000FA4727F26900006E;16:08:23.578;2
421;2000FA4727F26900034A;16:08:23.808;1
32;2000FA4727F269000040;16:08:24.068;2
66;2000FA4727F269000083;16:08:25.008;3
59;2000FA4727F269000075;16:08:25.268;2
16;2000FA4727F269000020;16:08:25.363;2
null;4000313532384D3137334634343830373032;16:08:25.598;1
349;2000FA4727F2690002BA;16:08:26.578;1
137;2000FA4727F269000111;16:08:27.448;1
363;2000FA4727F2690002D5;16:08:29.663;1
363;2000FA4727F2690002D6;16:08:29.768;2
43;2000FA4727F269000055;16:08:29.933;2
222;2000FA4727F2690001BC;16:08:30.828;2
372;2000FA4727F2690002E7;16:08:30.913;3
183;2000FA4727F26900016D;16:08:31.318;2
366;2000FA4727F2690002DB;16:08:32.118;1
366;2000FA4727F2690002DC;16:08:32.243;2
null;4000313532384D3137334634343830373032;16:08:32.473;1
115;2000FA4727F2690000E5;16:08:35.483;1
115;2000FA4727F2690000E6;16:08:35.503;1
null;4000313532384D3137334634343830373032;16:08:38.093;1
null;4000313532384D3137334634343830373032;16:08:45.883;1
425;2000FA4727F269000351;16:08:47.473;1
425;2000FA4727F269000352;16:08:47.483;1
null;4000313532384D3137334634343830373032;16:08:53.583;1
null;4000313532384D3137334634343830373032;16:09:05.658;1
null;4000313532384D3137334634343830373032;16:09:25.618;1
null;4000313532384D3137334634343830373032;16:09:49.953;2
1;2000FA4727F269000001;16:10:00.508;12
1;2000FA4727F269000002;16:10:00.523;12
421;2000FA4727F26900034A;16:10:05.088;12
421;2000FA4727F269000349;16:10:05.783;8
1;2000FA4727F269000001;16:10:06.293;1
1;2000FA4727F269000002;16:10:07.093;2
421;2000FA4727F26900034A;16:10:10.688;2
1;2000FA4727F269000002;16:10:13.158;1
null;4000313532384D3137334634343830373032;16:10:22.808;1
421;2000FA4727F26900034A;16:10:24.053;1
null;4000313532384D3137334634343830373032;16:10:28.838;1
null;4000313532384D3137334634343830373032;16:10:35.258;1
32;2000FA4727F269000040;16:10:39.673;2
null;4000313532384D3137334634343830373032;16:10:42.563;1
1;2000FA4727F269000002;16:10:46.553;3
32;2000FA4727F269000040;16:10:48.033;1
1;2000FA4727F269000001;16:10:48.258;3
null;4000313532384D3137334634343830373032;16:10:50.523;1
183;2000FA4727F26900016D;16:10:53.028;2
183;2000FA4727F26900016E;16:10:53.383;2
null;4000313532384D3137334634343830373032;16:10:56.648;1
183;2000FA4727F26900016D;16:10:58.858;2
363;2000FA4727F2690002D5;16:10:59.808;4
363;2000FA4727F2690002D6;16:11:00.088;8
183;2000FA4727F26900016E;16:11:00.283;1
null;4000313532384D3137334634343830373032;16:11:02.138;1
null;4000313532384D3137334634343830373032;16:11:08.113;1
363;2000FA4727F2690002D5;16:11:12.328;2
null;4000313532384D3137334634343830373032;16:11:29.933;1
26;2000FA4727F269000034;16:11:37.008;1
52;2000FA4727F269000067;16:11:40.583;12
52;2000FA4727F269000068;16:11:40.863;8
null;4000313532384D3137334634343830373032;16:11:45.433;1
null;4000313532384D3137334634343830373032;16:11:52.973;1
null;4000313532384D3137334634343830373032;16:11:59.993;1
null;4000313532384D3137334634343830373032;16:12:16.533;1
null;4000313532384D3137334634343830373032;16:12:24.893;1
null;4000313532384D3137334634343830373032;16:12:31.943;1
358;2000FA4727F2690002CB;16:12:34.258;2
358;2000FA4727F2690002CC;16:12:34.288;2
358;2000FA4727F2690002CC;16:12:40.648;11
null;4000313532384D3137334634343830373032;16:12:42.988;1
null;4000313532384D3137334634343830373032;16:13:03.463;1
null;4000313532384D3137334634343830373032;16:13:13.638;1
null;4000313532384D3137334634343830373032;16:13:21.858;1
null;4000313532384D3137334634343830373032;16:13:36.503;1
16;2000FA4727F269000020;16:13:40.478;4
16;2000FA4727F26900001F;16:13:40.708;3
null;4000313532384D3137334634343830373032;16:13:42.018;1
null;4000313532384D3137334634343830373032;16:13:50.693;1
372;2000FA4727F2690002E7;16:13:53.863;4
372;2000FA4727F2690002E8;16:13:54.788;1
null;4000313532384D3137334634343830373032;16:13:59.543;1
372;2000FA4727F2690002E7;16:14:00.518;2
52;2000FA4727F269000067;16:14:05.928;2
null;4000313532384D3137334634343830373032;16:14:06.168;1
52;2000FA4727F269000068;16:14:08.638;2
372;2000FA4727F2690002E7;16:14:08.878;1
52;2000FA4727F269000067;16:14:11.548;3
52;2000FA4727F269000068;16:14:14.198;1
52;2000FA4727F269000067;16:14:17.798;1
null;4000313532384D3137334634343830373032;16:14:23.518;1
null;4000313532384D3137334634343830373032;16:14:41.973;1
null;4000313532384D3137334634343830373032;16:14:47.838;1
null;4000313532384D3137334634343830373032;16:14:53.543;1
null;4000313532384D3137334634343830373032;16:15:00.133;1
164;2000FA4727F269000148;16:15:10.203;2
null;4000313532384D3137334634343830373032;16:15:12.563;1
22;2000FA4727F26900002C;16:15:12.963;1
2;2000FA4727F269000004;16:15:15.763;1
420;2000FA4727F269000347;16:15:18.028;3
null;4000313532384D3137334634343830373032;16:15:18.373;1
null;4000313532384D3137334634343830373032;16:15:24.793;1
null;4000313532384D3137334634343830373032;16:15:30.383;1
null;4000313532384D3137334634343830373032;16:15:37.098;1
null;4000313532384D3137334634343830373032;16:15:42.718;1
null;4000313532384D3137334634343830373032;16:15:48.218;1
null;4000313532384D3137334634343830373032;16:15:53.798;1
420;2000FA4727F269000347;16:15:59.498;1
null;4000313532384D3137334634343830373032;16:15:59.818;1
null;300030396062C3A0CA00000B563F;16:16:01.863;1
null;4000313532384D3137334634343830373032;16:16:10.983;1
null;4000313532384D3137334634343830373032;16:16:18.428;1
26;2000FA4727F269000033;16:16:20.843;4
26;2000FA4727F269000034;16:16:20.933;4
null;4000313532384D3137334634343830373032;16:16:26.003;1
null;4000313532384D3137334634343830373032;16:16:31.558;1
null;4000313532384D3137334634343830373032;16:16:38.068;1
null;4000313532384D3137334634343830373032;16:16:43.713;1
null;4000313532384D3137334634343830373032;16:16:49.328;1
null;4000313532384D3137334634343830373032;16:16:57.678;1
137;2000FA4727F269000111;16:17:00.508;1
87;2000FA4727F2690000AD;16:17:00.698;2
null;4000313532384D3137334634343830373032;16:17:03.478;1
87;2000FA4727F2690000AD;16:17:06.478;1
null;4000313532384D3137334634343830373032;16:17:09.033;1
349;2000FA4727F2690002BA;16:17:12.803;1
87;2000FA4727F2690000AD;16:17:13.823;3
null;4000313532384D3137334634343830373032;16:17:15.073;1
349;2000FA4727F2690002BA;16:17:18.443;1
349;2000FA4727F2690002BA;16:17:24.288;2
2;2000FA4727F269000004;16:17:24.398;4
349;2000FA4727F2690002BA;16:17:32.223;2
null;4000313532384D3137334634343830373032;16:17:33.178;1
349;2000FA4727F2690002BA;16:17:37.808;2
164;2000FA4727F269000148;16:17:40.283;2
null;4000313532384D3137334634343830373032;16:17:41.383;1
164;2000FA4727F269000147;16:17:42.993;2
349;2000FA4727F2690002BA;16:17:43.743;1
164;2000FA4727F269000148;16:17:45.798;1
null;4000313532384D3137334634343830373032;16:17:46.943;1
164;2000FA4727F269000147;16:17:48.598;2
349;2000FA4727F2690002BA;16:17:49.368;1
410;2000FA4727F269000334;16:17:50.453;1
410;2000FA4727F269000333;16:17:50.473;1
409;2000FA4727F269000332;16:17:51.538;1
409;2000FA4727F269000331;16:17:51.548;1
164;2000FA4727F269000148;16:17:51.578;1
null;4000313532384D3137334634343830373032;16:17:53.058;1
89;2000FA4727F2690000B1;16:17:53.393;1
164;2000FA4727F269000147;16:17:54.208;1
349;2000FA4727F2690002BA;16:17:55.253;2
373;2000FA4727F2690002E9;16:17:56.163;3
373;2000FA4727F2690002EA;16:17:56.223;2
2;2000FA4727F269000004;16:17:57.248;2
164;2000FA4727F269000148;16:17:57.403;1
null;4000313532384D3137334634343830373032;16:17:59.068;1
164;2000FA4727F269000147;16:17:59.938;2
164;2000FA4727F269000148;16:18:03.103;2
164;2000FA4727F269000147;16:18:05.658;2
null;4000313532384D3137334634343830373032;16:18:06.683;1
164;2000FA4727F269000148;16:18:08.803;1
2;2000FA4727F269000004;16:18:09.598;2
164;2000FA4727F269000147;16:18:11.453;2
null;4000313532384D3137334634343830373032;16:18:12.208;1
164;2000FA4727F269000148;16:18:14.578;1
164;2000FA4727F269000147;16:18:17.393;2
null;4000313532384D3137334634343830373032;16:18:17.858;1
2;2000FA4727F269000004;16:18:20.618;2
null;4000313532384D3137334634343830373032;16:18:25.388;1
2;2000FA4727F269000004;16:18:26.183;3
2;2000FA4727F269000003;16:18:27.513;2
null;4000313532384D3137334634343830373032;16:18:32.173;1
2;2000FA4727F269000004;16:18:32.343;1
102;2000FA4727F2690000CB;16:18:34.343;2
2;2000FA4727F269000003;16:18:34.648;1
426;2000FA4727F269000354;16:18:34.823;1
null;4000313532384D3137334634343830373032;16:18:37.723;1
413;2000FA4727F26900033A;16:18:38.718;2
413;2000FA4727F269000339;16:18:38.778;1
null;4000313532384D3137334634343830373032;16:18:48.058;1
null;4000313532384D3137334634343830373032;16:18:53.688;1
null;4000313532384D3137334634343830373032;16:18:59.738;1
null;4000313532384D3137334634343830373032;16:19:06.683;1
null;4000313532384D3137334634343830373032;16:19:14.968;1
381;2000FA4727F2690002F9;16:19:18.138;2
381;2000FA4727F2690002FA;16:19:19.808;2
null;4000313532384D3137334634343830373032;16:19:20.678;1
null;4000313532384D3137334634343830373032;16:19:26.643;1
null;4000313532384D3137334634343830373032;16:19:32.443;1
90;2000FA4727F2690000B4;16:19:39.158;2
90;2000FA4727F2690000B3;16:19:39.233;1
null;4000313532384D3137334634343830373032;16:19:41.023;1
null;4000313532384D3137334634343830373032;16:19:47.958;1
392;2000FA4727F269000310;16:19:50.148;1
228;2000FA4727F2690001C8;16:19:50.263;3
392;2000FA4727F26900030F;16:19:50.278;2
228;2000FA4727F2690001C7;16:19:50.338;1
13;2000FA4727F26900001A;16:19:50.438;2
13;2000FA4727F269000019;16:19:50.453;2
385;2000FA4727F269000301;16:19:52.413;1
385;2000FA4727F269000302;16:19:52.588;1
47;2000FA4727F26900005D;16:19:52.753;1
412;2000FA4727F269000338;16:19:54.768;3
412;2000FA4727F269000337;16:19:54.843;1
28;2000FA4727F269000037;16:19:55.093;2
28;2000FA4727F269000038;16:19:55.158;1
411;2000FA4727F269000335;16:19:56.548;2
null;4000313532384D3137334634343830373032;16:19:56.613;1
411;2000FA4727F269000336;16:19:56.878;2
394;2000FA4727F269000313;16:19:56.898;3
394;2000FA4727F269000314;16:19:56.978;2
71;2000FA4727F26900008D;16:20:02.028;3
null;4000313532384D3137334634343830373032;16:20:04.578;1
null;4000313532384D3137334634343830373032;16:20:11.618;1
55;2000FA4727F26900006E;16:20:13.193;2
55;2000FA4727F26900006D;16:20:14.758;1
55;2000FA4727F26900006E;16:20:19.118;1
55;2000FA4727F26900006D;16:20:20.318;1
null;4000313532384D3137334634343830373032;16:20:20.603;1
null;4000313532384D3137334634343830373032;16:20:26.918;1
374;2000FA4727F2690002EB;16:20:29.788;1
25;2000FA4727F269000031;16:20:34.388;1
null;4000313532384D3137334634343830373032;16:20:36.018;1
373;2000FA4727F2690002E9;16:20:42.458;8
373;2000FA4727F2690002EA;16:20:42.528;4
null;4000313532384D3137334634343830373032;16:20:44.768;1
null;4000313532384D3137334634343830373032;16:20:51.828;1
43;2000FA4727F269000055;16:20:57.833;2
null;4000313532384D3137334634343830373032;16:20:59.168;1
43;2000FA4727F269000055;16:21:03.493;1
null;4000313532384D3137334634343830373032;16:21:05.973;1
null;4000313532384D3137334634343830373032;16:21:12.073;1
88;2000FA4727F2690000AF;16:21:12.853;8
88;2000FA4727F2690000B0;16:21:17.828;2
88;2000FA4727F2690000AF;16:21:18.388;2
null;4000313532384D3137334634343830373032;16:21:18.978;1
null;4000313532384D3137334634343830373032;16:21:30.003;1
366;2000FA4727F2690002DB;16:21:36.063;1
null;4000313532384D3137334634343830373032;16:21:37.698;1
null;4000313532384D3137334634343830373032;16:21:45.578;1
null;4000313532384D3137334634343830373032;16:21:53.808;1
null;4000313532384D3137334634343830373032;16:22:00.398;1
null;4000313532384D3137334634343830373032;16:22:09.908;1
null;4000313532384D3137334634343830373032;16:22:15.803;1
null;4000313532384D3137334634343830373032;16:22:23.838;1
null;4000313532384D3137334634343830373032;16:22:31.693;1
28;2000FA4727F269000038;16:22:35.518;8
28;2000FA4727F269000037;16:22:36.208;2
null;4000313532384D3137334634343830373032;16:22:41.508;1
28;2000FA4727F269000038;16:22:41.698;2
null;4000313532384D3137334634343830373032;16:22:48.253;1
28;2000FA4727F269000038;16:22:50.183;1
351;2000FA4727F2690002BE;16:22:51.808;1
null;4000313532384D3137334634343830373032;16:22:56.773;1
102;2000FA4727F2690000CB;16:22:58.223;8
102;2000FA4727F2690000CC;16:22:59.263;2
null;4000313532384D3137334634343830373032;16:23:04.993;1
351;2000FA4727F2690002BE;16:23:10.028;5
351;2000FA4727F2690002BD;16:23:10.728;1
null;4000313532384D3137334634343830373032;16:23:11.928;1
428;2000FA4727F269000357;16:23:15.843;1
429;2000FA4727F269000359;16:23:17.858;1
null;4000313532384D3137334634343830373032;16:23:18.698;1
null;4000313532384D3137334634343830373032;16:23:24.928;1
null;4000313532384D3137334634343830373032;16:23:33.943;1
null;4000313532384D3137334634343830373032;16:23:41.708;1
null;4000313532384D3137334634343830373032;16:23:49.463;1
null;4000313532384D3137334634343830373032;16:23:58.008;1
71;2000FA4727F26900008D;16:24:01.598;2
71;2000FA4727F26900008E;16:24:04.928;2
null;4000313532384D3137334634343830373032;16:24:06.943;1
null;4000313532384D3137334634343830373032;16:24:13.183;1
75;2000FA4727F269000096;16:24:14.013;1
null;4000313532384D3137334634343830373032;16:24:18.913;1
null;4000313532384D3137334634343830373032;16:24:28.423;1
null;4000313532384D3137334634343830373032;16:24:33.943;2
null;4000313532384D3137334634343830373032;16:24:39.953;1
373;2000FA4727F2690002E9;16:24:40.093;2
null;4000313532384D3137334634343830373032;16:24:45.788;1
null;4000313532384D3137334634343830373032;16:24:51.513;1
null;4000313532384D3137334634343830373032;16:25:00.023;1
null;4000313532384D3137334634343830373032;16:25:07.383;1
127;2000FA4727F2690000FD;16:25:10.833;1
null;4000313532384D3137334634343830373032;16:25:16.883;1
364;2000FA4727F2690002D8;16:25:20.438;1
364;2000FA4727F2690002D7;16:25:20.623;2
null;4000313532384D3137334634343830373032;16:25:23.003;1
null;4000313532384D3137334634343830373032;16:25:32.168;1
111;2000FA4727F2690000DD;16:25:35.168;2
408;2000FA4727F269000330;16:25:35.328;3
111;2000FA4727F2690000DE;16:25:37.038;2
null;4000313532384D3137334634343830373032;16:25:40.178;1
null;4000313532384D3137334634343830373032;16:25:46.913;1
null;4000313532384D3137334634343830373032;16:25:56.288;1
null;4000313532384D3137334634343830373032;16:26:03.033;1
null;4000313532384D3137334634343830373032;16:26:09.648;1
null;4000313532384D3137334634343830373032;16:26:15.538;1
88;2000FA4727F2690000B0;16:26:20.563;8
88;2000FA4727F2690000AF;16:26:20.633;4
null;4000313532384D3137334634343830373032;16:26:24.133;1
null;4000313532384D3137334634343830373032;16:26:29.873;1
null;4000313532384D3137334634343830373032;16:26:38.583;1
115;2000FA4727F2690000E5;16:26:39.503;5
115;2000FA4727F2690000E6;16:26:40.193;1
88;2000FA4727F2690000AF;16:26:41.043;3
null;4000313532384D3137334634343830373032;16:26:44.103;1
115;2000FA4727F2690000E5;16:26:45.638;1
115;2000FA4727F2690000E6;16:26:49.148;2
null;4000313532384D3137334634343830373032;16:26:50.338;1
115;2000FA4727F2690000E5;16:26:51.193;2
null;4000313532384D3137334634343830373032;16:26:58.188;1
115;2000FA4727F2690000E5;16:27:01.493;1
115;2000FA4727F2690000E6;16:27:03.718;3
115;2000FA4727F2690000E5;16:27:07.113;1
null;4000313532384D3137334634343830373032;16:27:07.663;1
115;2000FA4727F2690000E6;16:27:09.828;1
115;2000FA4727F2690000E5;16:27:12.773;1
null;4000313532384D3137334634343830373032;16:27:14.173;1
115;2000FA4727F2690000E6;16:27:16.018;3
115;2000FA4727F2690000E5;16:27:18.653;2
null;4000313532384D3137334634343830373032;16:27:20.373;1
115;2000FA4727F2690000E6;16:27:23.743;3
115;2000FA4727F2690000E5;16:27:24.473;1
115;2000FA4727F2690000E5;16:27:30.398;1
115;2000FA4727F2690000E6;16:27:33.458;3
null;4000313532384D3137334634343830373032;16:27:34.023;1
26;2000FA4727F269000034;16:27:34.943;3
26;2000FA4727F269000033;16:27:35.008;1
115;2000FA4727F2690000E5;16:27:36.103;1
null;4000313532384D3137334634343830373032;16:27:40.893;1
115;2000FA4727F2690000E5;16:27:44.423;1
null;4000313532384D3137334634343830373032;16:27:46.473;1
null;4000313532384D3137334634343830373032;16:27:52.938;1
115;2000FA4727F2690000E5;16:27:56.893;1
null;4000313532384D3137334634343830373032;16:28:00.493;1
115;2000FA4727F2690000E5;16:28:03.128;1
null;4000313532384D3137334634343830373032;16:28:07.158;1
115;2000FA4727F2690000E5;16:28:09.823;1
115;2000FA4727F2690000E6;16:28:11.453;1
null;4000313532384D3137334634343830373032;16:28:14.518;1
115;2000FA4727F2690000E5;16:28:15.908;1
115;2000FA4727F2690000E5;16:28:21.823;1
385;2000FA4727F269000301;16:28:23.948;2
null;4000313532384D3137334634343830373032;16:28:25.123;1
115;2000FA4727F2690000E6;16:28:27.088;2
115;2000FA4727F2690000E5;16:28:27.553;1
null;4000313532384D3137334634343830373032;16:28:31.903;1
null;4000313532384D3137334634343830373032;16:28:37.658;2
268;2000FA4727F269000218;16:28:40.178;2
268;2000FA4727F269000217;16:28:40.198;2
null;4000313532384D3137334634343830373032;16:28:43.233;1
null;4000313532384D3137334634343830373032;16:28:48.793;1
null;4000313532384D3137334634343830373032;16:28:54.948;1
null;4000313532384D3137334634343830373032;16:29:01.968;1
13;2000FA4727F26900001A;16:29:03.083;7
13;2000FA4727F269000019;16:29:03.118;14
null;4000313532384D3137334634343830373032;16:29:09.623;1
null;4000313532384D3137334634343830373032;16:29:18.758;1
null;4000313532384D3137334634343830373032;16:29:26.173;1
421;2000FA4727F26900034A;16:29:29.443;2
null;4000313532384D3137334634343830373032;16:29:32.643;1
null;4000313532384D3137334634343830373032;16:29:40.268;1
null;4000313532384D3137334634343830373032;16:29:46.558;1
null;4000313532384D3137334634343830373032;16:29:56.908;1
null;4000313532384D3137334634343830373032;16:30:05.183;1
120;2000FA4727F2690000EF;16:30:05.693;2
null;4000313532384D3137334634343830373032;16:30:11.523;1
null;4000313532384D3137334634343830373032;16:30:19.033;1
null;4000313532384D3137334634343830373032;16:30:25.973;1
null;4000313532384D3137334634343830373032;16:30:32.513;1
null;4000313532384D3137334634343830373032;16:30:44.033;1
null;4000313532384D3137334634343830373032;16:30:51.378;1
null;4000313532384D3137334634343830373032;16:30:59.528;1
null;4000313532384D3137334634343830373032;16:31:05.993;1
null;4000313532384D3137334634343830373032;16:31:11.623;1
null;4000313532384D3137334634343830373032;16:31:18.233;1
null;4000313532384D3137334634343830373032;16:31:25.873;1
null;4000313532384D3137334634343830373032;16:31:33.833;1
null;4000313532384D3137334634343830373032;16:31:39.633;1
null;4000313532384D3137334634343830373032;16:31:45.278;1
null;4000313532384D3137334634343830373032;16:31:51.193;1
null;4000313532384D3137334634343830373032;16:32:00.218;1
null;4000313532384D3137334634343830373032;16:32:06.818;1
null;4000313532384D3137334634343830373032;16:32:15.278;1
null;4000313532384D3137334634343830373032;16:32:23.673;1
null;4000313532384D3137334634343830373032;16:32:29.443;1
null;4000313532384D3137334634343830373032;16:32:34.963;1
null;4000313532384D3137334634343830373032;16:32:40.963;1
null;4000313532384D3137334634343830373032;16:32:46.638;1
null;4000313532384D3137334634343830373032;16:32:54.278;1
362;2000FA4727F2690002D4;16:33:04.043;4
362;2000FA4727F2690002D3;16:33:04.833;1
null;4000313532384D3137334634343830373032;16:33:09.498;1
null;4000313532384D3137334634343830373032;16:33:15.873;1
null;4000313532384D3137334634343830373032;16:33:23.193;1
null;4000313532384D3137334634343830373032;16:33:29.173;1
null;4000313532384D3137334634343830373032;16:33:34.853;1
null;4000313532384D3137334634343830373032;16:33:40.673;1
22;2000FA4727F26900002C;16:33:41.133;9
null;4000313532384D3137334634343830373032;16:33:49.488;1
null;4000313532384D3137334634343830373032;16:33:57.928;1
null;4000313532384D3137334634343830373032;16:34:08.333;1
null;4000313532384D3137334634343830373032;16:34:14.423;1
null;4000313532384D3137334634343830373032;16:34:26.768;1
null;4000313532384D3137334634343830373032;16:34:36.193;1
null;4000313532384D3137334634343830373032;16:34:41.778;1
null;4000313532384D3137334634343830373032;16:34:51.683;1
null;4000313532384D3137334634343830373032;16:34:59.868;1
166;2000FA4727F26900014B;16:35:05.478;3
166;2000FA4727F26900014C;16:35:06.913;2
null;4000313532384D3137334634343830373032;16:35:09.443;1
null;4000313532384D3137334634343830373032;16:35:15.128;1
null;4000313532384D3137334634343830373032;16:35:23.513;1
null;3000314F45333930454555313435;16:35:28.598;2
null;4000313532384D3137334634343830373032;16:35:30.558;1
null;4000313532384D3137334634343830373032;16:35:36.148;1
null;4000313532384D3137334634343830373032;16:35:42.023;1
null;4000313532384D3137334634343830373032;16:35:47.748;1
null;4000313532384D3137334634343830373032;16:35:55.133;1
null;4000313532384D3137334634343830373032;16:36:01.258;1
null;4000313532384D3137334634343830373032;16:36:10.963;1
183;2000FA4727F26900016D;16:36:16.613;2
null;4000313532384D3137334634343830373032;16:36:16.753;1
183;2000FA4727F26900016E;16:36:17.463;3
416;2000FA4727F269000340;16:36:23.023;3
null;4000313532384D3137334634343830373032;16:36:23.108;1
null;4000313532384D3137334634343830373032;16:36:31.198;1
null;4000313532384D3137334634343830373032;16:36:40.268;1
null;4000313532384D3137334634343830373032;16:36:47.798;1
null;4000313532384D3137334634343830373032;16:36:57.633;1
183;2000FA4727F26900016D;16:37:00.648;1
183;2000FA4727F26900016E;16:37:00.693;4
null;4000313532384D3137334634343830373032;16:37:03.393;1
null;4000313532384D3137334634343830373032;16:37:12.298;1
411;2000FA4727F269000335;16:37:20.223;10
411;2000FA4727F269000336;16:37:20.243;10
null;4000313532384D3137334634343830373032;16:37:20.973;1
null;300030396062C39B2AC0000934CD;16:37:39.783;2
411;2000FA4727F269000335;16:37:42.483;3
411;2000FA4727F269000336;16:37:42.743;2
null;300030396062C39B2AC0000934CD;16:37:45.313;2
null;4000313532384D3137334634343830373032;16:37:51.038;1
null;300030396062C39B2AC0000934CD;16:37:51.308;2
null;4000313532384D3137334634343830373032;16:37:58.708;1
null;4000313532384D3137334634343830373032;16:38:04.243;1
null;4000313532384D3137334634343830373032;16:38:12.683;1
422;2000FA4727F26900034B;16:38:15.053;2
null;4000313532384D3137334634343830373032;16:38:18.203;1
null;4000313532384D3137334634343830373032;16:38:24.418;1
null;4000313532384D3137334634343830373032;16:38:30.673;2
null;4000313532384D3137334634343830373032;16:38:38.278;1
null;4000313532384D3137334634343830373032;16:38:43.878;1
429;2000FA4727F269000359;16:38:45.023;1
428;2000FA4727F269000358;16:38:46.183;2
428;2000FA4727F269000357;16:38:47.118;1
null;4000313532384D3137334634343830373032;16:38:49.753;1
null;4000313532384D3137334634343830373032;16:38:55.303;1
null;4000313532384D3137334634343830373032;16:39:00.998;1
null;4000313532384D3137334634343830373032;16:39:06.558;1
null;4000313532384D3137334634343830373032;16:39:16.743;1
null;4000313532384D3137334634343830373032;16:39:22.388;1
363;2000FA4727F2690002D5;16:39:26.043;1
363;2000FA4727F2690002D6;16:39:26.053;1
null;4000313532384D3137334634343830373032;16:39:28.853;1
null;4000313532384D3137334634343830373032;16:39:35.118;1
null;4000313532384D3137334634343830373032;16:39:40.793;3
null;4000313532384D3137334634343830373032;16:39:46.943;3
367;2000FA4727F2690002DE;16:39:49.803;2
null;4000313532384D3137334634343830373032;16:39:52.678;1
129;2000FA4727F269000102;16:39:53.313;1
null;4000313532384D3137334634343830373032;16:39:58.248;1
129;2000FA4727F269000102;16:40:02.468;3
null;4000313532384D3137334634343830373032;16:40:03.818;1
13;2000FA4727F26900001A;16:40:08.373;2
13;2000FA4727F269000019;16:40:09.028;2
129;2000FA4727F269000102;16:40:09.283;1
null;4000313532384D3137334634343830373032;16:40:09.453;1
null;4000313532384D3137334634343830373032;16:40:14.978;3
129;2000FA4727F269000102;16:40:15.913;2
null;4000313532384D3137334634343830373032;16:40:20.583;1
351;2000FA4727F2690002BE;16:40:23.548;1
351;2000FA4727F2690002BD;16:40:23.733;1
null;4000313532384D3137334634343830373032;16:40:30.248;1
366;2000FA4727F2690002DC;16:40:31.033;2
365;2000FA4727F2690002D9;16:40:31.068;2
366;2000FA4727F2690002DB;16:40:31.068;2
null;4000313532384D3137334634343830373032;16:40:36.013;1
null;4000313532384D3137334634343830373032;16:40:41.528;1
null;4000313532384D3137334634343830373032;16:40:48.613;1
null;4000313532384D3137334634343830373032;16:40:55.203;2
null;4000313532384D3137334634343830373032;16:41:01.198;1
null;4000313532384D3137334634343830373032;16:41:07.263;1
null;4000313532384D3137334634343830373032;16:41:15.578;1
null;4000313532384D3137334634343830373032;16:41:21.533;1
null;4000313532384D3137334634343830373032;16:41:29.043;1
null;4000313532384D3137334634343830373032;16:41:38.383;1
null;4000313532384D3137334634343830373032;16:41:45.763;1
null;4000313532384D3137334634343830373032;16:41:52.443;1
null;4000313532384D3137334634343830373032;16:42:00.358;1
null;4000313532384D3137334634343830373032;16:42:08.103;1
null;4000313532384D3137334634343830373032;16:42:16.163;1
null;4000313532384D3137334634343830373032;16:42:24.088;1
null;4000313532384D3137334634343830373032;16:42:30.163;1
166;2000FA4727F26900014B;16:42:32.038;2
null;4000313532384D3137334634343830373032;16:42:39.158;1
null;4000313532384D3137334634343830373032;16:42:45.063;1
null;4000313532384D3137334634343830373032;16:42:50.628;1
null;4000313532384D3137334634343830373032;16:42:56.858;1
null;4000313532384D3137334634343830373032;16:43:02.813;1
null;4000313532384D3137334634343830373032;16:43:16.013;1
null;4000313532384D3137334634343830373032;16:43:27.228;1
null;4000313532384D3137334634343830373032;16:43:33.758;1
null;4000313532384D3137334634343830373032;16:43:41.733;1
null;4000313532384D3137334634343830373032;16:43:58.083;1
null;4000313532384D3137334634343830373032;16:44:04.058;1
null;4000313532384D3137334634343830373032;16:44:14.333;1
null;4000313532384D3137334634343830373032;16:44:20.358;1
null;4000313532384D3137334634343830373032;16:44:27.698;1
null;4000313532384D3137334634343830373032;16:44:33.558;1
null;4000313532384D3137334634343830373032;16:44:39.218;1
null;4000313532384D3137334634343830373032;16:44:44.833;1
null;4000313532384D3137334634343830373032;16:45:00.898;1
null;4000313532384D3137334634343830373032;16:45:07.363;1
null;4000313532384D3137334634343830373032;16:45:15.113;1
null;4000313532384D3137334634343830373032;16:45:21.848;1
null;4000313532384D3137334634343830373032;16:45:32.053;1
null;4000313532384D3137334634343830373032;16:45:37.843;1
null;4000313532384D3137334634343830373032;16:45:46.738;1
null;4000313532384D3137334634343830373032;16:45:52.273;1
null;4000313532384D3137334634343830373032;16:46:02.443;1
393;2000FA4727F269000311;16:46:20.808;1
396;2000FA4727F269000318;16:46:20.913;2
396;2000FA4727F269000317;16:46:21.008;2
null;4000313532384D3137334634343830373032;16:46:21.583;1
null;4000313532384D3137334634343830373032;16:46:27.138;1
null;4000313532384D3137334634343830373032;16:46:33.768;1
null;4000313532384D3137334634343830373032;16:46:41.758;1
406;2000FA4727F26900032B;16:46:44.268;8
405;2000FA4727F269000329;16:46:45.083;4
404;2000FA4727F269000327;16:46:45.098;4
405;2000FA4727F26900032A;16:46:45.193;12
404;2000FA4727F269000328;16:46:45.203;12
406;2000FA4727F26900032C;16:46:45.248;2
null;4000313532384D3137334634343830373032;16:46:48.103;1
406;2000FA4727F26900032B;16:46:49.788;1
null;4000313532384D3137334634343830373032;16:46:54.368;1
null;4000313532384D3137334634343830373032;16:47:04.693;1
null;4000313532384D3137334634343830373032;16:47:12.523;1
null;4000313532384D3137334634343830373032;16:47:20.713;1
null;4000313532384D3137334634343830373032;16:47:27.993;1
null;4000313532384D3137334634343830373032;16:47:36.483;1
null;4000313532384D3137334634343830373032;16:47:50.953;1
null;4000313532384D3137334634343830373032;16:47:59.278;1
228;2000FA4727F2690001C7;16:48:02.783;2
228;2000FA4727F2690001C8;16:48:04.923;2
313;2000FA4727F269000271;16:48:05.733;2
313;2000FA4727F269000272;16:48:06.233;2
null;4000313532384D3137334634343830373032;16:48:07.928;1
null;4000313532384D3137334634343830373032;16:48:15.853;1
null;4000313532384D3137334634343830373032;16:48:22.468;1
null;4000313532384D3137334634343830373032;16:48:30.968;1
null;4000313532384D3137334634343830373032;16:48:36.918;1
null;4000313532384D3137334634343830373032;16:48:43.458;1
null;4000313532384D3137334634343830373032;16:48:50.543;1
null;4000313532384D3137334634343830373032;16:48:56.513;1
null;4000313532384D3137334634343830373032;16:49:02.563;1
null;4000313532384D3137334634343830373032;16:49:08.823;1
null;4000313532384D3137334634343830373032;16:49:17.123;1
null;4000313532384D3137334634343830373032;16:49:26.043;1
null;4000313532384D3137334634343830373032;16:49:40.653;1
null;4000313532384D3137334634343830373032;16:49:47.088;1
null;4000313532384D3137334634343830373032;16:49:56.103;1
null;4000313532384D3137334634343830373032;16:50:02.338;1
null;4000313532384D3137334634343830373032;16:50:10.013;1
null;4000313532384D3137334634343830373032;16:50:19.363;1
null;4000313532384D3137334634343830373032;16:50:27.108;1
null;4000313532384D3137334634343830373032;16:50:33.653;1
null;3400E28011700000020B9765341D;16:50:35.108;1
18;2000FA4727F269000024;16:50:35.353;1
null;4000313532384D3137334634343830373032;16:50:43.458;1
null;4000313532384D3137334634343830373032;16:50:49.878;1
null;4000313532384D3137334634343830373032;16:51:06.948;1
null;4000313532384D3137334634343830373032;16:51:13.398;1
null;4000313532384D3137334634343830373032;16:51:20.998;1
null;4000313532384D3137334634343830373032;16:51:28.948;1
null;4000313532384D3137334634343830373032;16:51:35.948;1
null;4000313532384D3137334634343830373032;16:51:53.028;1
null;4000313532384D3137334634343830373032;16:51:59.028;1
null;4000313532384D3137334634343830373032;16:52:08.868;1
null;4000313532384D3137334634343830373032;16:52:16.413;1
null;4000313532384D3137334634343830373032;16:52:23.313;1
null;4000313532384D3137334634343830373032;16:52:32.013;1
null;4000313532384D3137334634343830373032;16:52:40.923;1
null;4000313532384D3137334634343830373032;16:52:47.988;1
127;2000FA4727F2690000FD;16:52:54.853;1
null;4000313532384D3137334634343830373032;16:52:55.723;1
null;4000313532384D3137334634343830373032;16:53:04.098;1
null;4000313532384D3137334634343830373032;16:53:11.308;1
null;4000313532384D3137334634343830373032;16:53:18.243;1
null;4000313532384D3137334634343830373032;16:53:23.903;1
null;4000313532384D3137334634343830373032;16:53:31.978;1
null;4000313532384D3137334634343830373032;16:53:37.628;1
null;4000313532384D3137334634343830373032;16:53:43.528;1
null;4000313532384D3137334634343830373032;16:53:51.333;1
null;4000313532384D3137334634343830373032;16:53:57.653;1
null;4000313532384D3137334634343830373032;16:54:07.148;1
null;4000313532384D3137334634343830373032;16:54:13.353;1
null;4000313532384D3137334634343830373032;16:54:22.303;1
null;4000313532384D3137334634343830373032;16:54:27.878;1
null;4000313532384D3137334634343830373032;16:54:35.483;1
null;4000313532384D3137334634343830373032;16:54:41.398;1
null;4000313532384D3137334634343830373032;16:54:47.028;1
null;4000313532384D3137334634343830373032;16:54:53.118;1
null;4000313532384D3137334634343830373032;16:55:00.403;1
null;4000313532384D3137334634343830373032;16:55:07.978;1
null;4000313532384D3137334634343830373032;16:55:13.828;1
null;4000313532384D3137334634343830373032;16:55:20.428;1
null;4000313532384D3137334634343830373032;16:55:28.133;1
null;4000313532384D3137334634343830373032;16:55:33.848;1
null;4000313532384D3137334634343830373032;16:55:39.808;1
null;4000313532384D3137334634343830373032;16:55:46.088;1
null;4000313532384D3137334634343830373032;16:55:55.423;1
null;4000313532384D3137334634343830373032;16:56:01.073;1
null;4000313532384D3137334634343830373032;16:56:06.633;1
null;4000313532384D3137334634343830373032;16:56:12.353;1
